id,title,authority,local_government,source_type,canonical_url,status
a7d12a21-6479-5d8a-b767-8b66b1b4920c,5G Mobile Phone Networks Mobile phone carriers are currently upgrading 4G networks around Australia to 5G with many network upgrades already completed.,City of Cockburn,Cockburn,source_document,https://www.cockburn.wa.gov.au/Building-Planning-and-Roads/Town-Planning-and-Development/Revitalisation-Strategies/5G-Mobile-Phone-Networks,active
ce956f02-e503-5bf4-8ed1-82687632f003,ABCB NCC editions index,Australian Building Codes Board,,index_page,https://ncc.abcb.gov.au/editions-national-construction-code,active
870bdab3-a72a-50cd-94f5-58640c0b5a32,Approved Scheme Amendments - Town Planning Scheme 3 Access approved Scheme Amendments and the associated documents. Approved Amendments are listed in order of their Amendment number.,City of Cockburn,Cockburn,local_planning_scheme,https://www.cockburn.wa.gov.au/Building-Planning-and-Roads/Town-Planning-and-Development/Local-Planning-Scheme/Approved-Scheme-Amendments-Town-Planning-Scheme,active
7cd1bfb5-cf4c-5d21-ab50-a1acdf4459a8,Approved Structure Plans,City of Cockburn,Cockburn,structure_plan,https://www.cockburn.wa.gov.au/Building-and-Development/Town-planning-and-development/Structure-plans/Approved-structure-plans,active
d1c766c3-52dd-53ec-bb1d-f0d6551b2023,"Australian Marine Complex Technology Precinct Structure Plan - WAPC Reference: SPN/0820 (PDF, 16.89MB)","Department of Planning, Lands and Heritage",Cockburn,structure_plan,https://www.wa.gov.au/system/files/2024-07/australian-marine-complex-technology-precinct-structure-plan-structure-plan-report.pdf,active
4a1143ab-3e58-5ac6-a643-fe324ab821a1,"Barfield Road Structure Plan - WAPC Reference SPN 0467M-5 (PDF, 97.22MB)","Department of Planning, Lands and Heritage",Cockburn,structure_plan,https://www.wa.gov.au/system/files/2025-03/barfield_road_structure_plan.pdf,active
028dad33-e6c5-5b60-8034-bfc217868504,Building Advice,City of Cockburn,Cockburn,planning_guidance,https://www.cockburn.wa.gov.au/Building-Planning-and-Roads/Building-and-Planning-Advice,active
8bd56406-c0bf-53bc-9be9-3717b75570f2,Building and Planning Advice,City of Cockburn,Cockburn,planning_guidance,https://www.cockburn.wa.gov.au/Building-and-Development/Guidance-and-advice/Building-and-planning-advice,active
a1297dbf-7b78-4e2e-b1f6-c3232b782482,Bush Fire Prone Areas (OBRM-001),DFES / Office of Bushfire Risk Management (SLIP),,spatial_dataset,https://services.slip.wa.gov.au/public/rest/services/SLIP_Public_Services/Bush_Fire_Prone_Areas/MapServer/17,active
ccc61e30-b783-4147-9f0e-81f32b443f3c,Cadastre (No Attributes) (LGATE-001),Landgate (SLIP),,spatial_dataset,https://services.slip.wa.gov.au/public/rest/services/SLIP_Public_Services/Property_and_Planning/MapServer/2,active
fccf49e5-9871-5176-9a72-ebb96e6b93cb,"Cell 6 Yangebup/Beeliar Structure Plan Amendment No. 7 - WAPC Reference SPN 0510M-3 (PDF, 6.92MB)","Department of Planning, Lands and Heritage",Cockburn,structure_plan,https://www.wa.gov.au/system/files/2025-06/cell-6-yangebupbeeliar-structure-plan-amendment-no.7-wapc-reference-spn-0510m-3.pdf,active
8a805133-45f4-5c47-8073-ee6a6686ae06,"Cell 9 (Yangebup) & Cell 10 (Beeliar) Local Structure Plan - WAPC Reference SPN 0511M-2 (PDF, 2.41MB)","Department of Planning, Lands and Heritage",Cockburn,structure_plan,https://www.wa.gov.au/system/files/2025-06/cell-9-yangebup-cell-10-beeliar-local-structure-plan-wapc-reference-spn-0511m-2.pdf,active
b76bb2a5-82ba-5d2b-af8d-13163a855036,"Changing the name of North Coogee The City received a proposal to change the name of North Coogee, and supported its consideration by Landgate, who have determined the proposal is not compliant with the policy. The assessment proce...",City of Cockburn,Cockburn,local_planning_policy,https://www.cockburn.wa.gov.au/Building-Planning-and-Roads/Town-Planning-and-Development/Changing-the-name-of-Port-Coogee,active
745b3db1-0a82-5473-90af-1fadf99b594a,"City of Cockburn local planning strategy (PDF, 12.83MB)","Department of Planning, Lands and Heritage",Cockburn,local_planning_strategy,https://www.wa.gov.au/system/files/2024-10/city-of-cockburn-strategy_0.pdf,active
906aa45d-d152-5efe-af26-c25bd2d7cf5b,City of Cockburn planning information source anchor,"Department of Planning, Lands and Heritage",Cockburn,local_planning_scheme,https://www.wa.gov.au/government/document-collections/city-of-cockburn-planning-information,active
93843a1f-f4c8-5127-ae41-89a2a520d864,"Cockburn Central Activity Centre Strategy Find out about the road projects within the City, including the scope, aims, key issues and timeline of the Cockburn Central Activity Centre Strategy.",City of Cockburn,Cockburn,local_planning_strategy,https://www.cockburn.wa.gov.au/Building-Planning-and-Roads/Town-Planning-and-Development/Local-Planning-Strategy-and-Key-Initiatives/Cockburn-Central-Activity-Centre-Strategy,active
f43210e0-2c95-5ecb-9410-178a0b48beae,"Cockburn Central North (Muriel Court) Local Structure Plan - WAPC Reference SPN/0801M-7 (PDF, 2.7MB)","Department of Planning, Lands and Heritage",Cockburn,structure_plan,https://www.wa.gov.au/system/files/2024-02/cockburn-central-north-muriel-court-local-structure-plan-wapc-reference-spn-0801m-7.pdf,active
35cdf74b-1364-5956-b2d9-64a0e62b4efa,"Cockburn Central Town Centre Structure Plan 23B - WAPC Reference SPN 0849 (PDF, 2.02MB)","Department of Planning, Lands and Heritage",Cockburn,structure_plan,https://www.wa.gov.au/system/files/2024-01/cockburn-central-town-centre-structure-plan-23b-wapc-reference-spn-0849.pdf,active
cdb7c3c7-272a-516e-a791-ff8453a048e0,"Cockburn Central West Structure Plan 23C - WAPC Reference SPN 0560M-1 (PDF, 15.91MB)","Department of Planning, Lands and Heritage",Cockburn,structure_plan,https://www.wa.gov.au/system/files/2023-12/cockburn-central-west-structure-plan-23c-wapc-reference-spn-0560m-1.pdf,active
421aaa9e-f77b-54bd-b41c-226b9db58652,"Cockburn Coast Emplacement Local Structure Plan 33B - WAPC Reference SPN/0478 (PDF, 17.64MB)","Department of Planning, Lands and Heritage",Cockburn,structure_plan,https://www.wa.gov.au/system/files/2024-02/cockburn-coast-emplacement-local-structure-plan-33b-wapc-reference-spn_0478.pdf,active
bbcd098d-2104-5624-8b26-e4be6ec1abef,"Cockburn Map Index (PDF, 704.96KB)","Department of Planning, Lands and Heritage",Cockburn,scheme_map,https://www.wa.gov.au/system/files/2021-10/LPSC-Cockburn-Map-Index_36215.pdf,active
85cb4564-bc38-52b1-b93c-ffe1e2ab8702,"Cockburn Scheme Text (PDF, 2.31MB)","Department of Planning, Lands and Heritage",Cockburn,local_planning_scheme,https://www.wa.gov.au/system/files/2026-05/cockburn3_schemetext.pdf,active
218105e4-f504-5bb8-8dcb-bbbb24b80461,Coogee Beach Master Plan,City of Cockburn,Cockburn,source_document,https://www.cockburn.wa.gov.au/Building-Planning-and-Roads/Town-Planning-and-Development/Planning-Projects/Coogee-Beach-Master-Plan,active
8874a5bd-76fd-5476-b242-25cc5fef0c4a,"Coolbellup Revitalisation Strategy Find out about the Coolbellup Revitalisation Strategy to revive the suburb, including key issues, timeframe, infill development and who to contact.",City of Cockburn,Cockburn,local_planning_strategy,https://www.cockburn.wa.gov.au/Building-Planning-and-Roads/Town-Planning-and-Development/Revitalisation-Strategies/Coolbellup-Revitalisation-Strategy,active
1176aed1-b1c5-51be-a21e-646b5287f123,"Coolbellup Town Centre Structure Plan - WAPC Reference SPN/0476 (PDF, 12.3MB)","Department of Planning, Lands and Heritage",Cockburn,structure_plan,https://www.wa.gov.au/system/files/2024-05/coolbellup-town-centre-structure-plan-wapc-reference-spn_0476.pdf,active
286862f8-b1b3-5550-b522-67c1106069fb,Current Development Assessment Panel applications,"Department of Planning, Lands and Heritage",Cockburn,source_document,https://www.wa.gov.au/government/document-collections/current-development-assessment-panel-applications-and-information,active
cf612fc4-67ac-5e17-82d2-306fb13e28b7,Current Development Projects,City of Cockburn,Cockburn,source_document,https://www.cockburn.wa.gov.au/Building-and-Development/Town-Planning-and-Development/Current-Development-Projects,active
0b8e4cf3-c0f5-53f9-9ee6-fe9913ac6494,Current Development Projects Find out about current projects being developed in the City of Cockburn.,City of Cockburn,Cockburn,structure_plan,https://www.cockburn.wa.gov.au/Building-Planning-and-Roads/Town-Planning-and-Development/Structure-Plans/Current-Development-Projects,active
3e1a5cc5-92ed-563e-8a2e-3dd468f3d51a,Department of Planning - Local Development Plan Framework opens in a new window,"Department of Planning, Lands and Heritage",Cockburn,local_development_plan,https://www.planning.wa.gov.au/dop_pub_pdf/Local_Development_Plan_Framework.pdf,active
2946c7bd-0da2-584c-884b-363fe08fe779,Development Assessment Panel (DAP),City of Cockburn,Cockburn,source_document,https://www.cockburn.wa.gov.au/Building-Planning-and-Roads/Development-Assessment-Panel,active
4bb7d21a-22fb-592a-858c-b02d45f3f964,Discovery Parks lease at Coogee Beach Holiday Park Read information on the Discovery Parks lease at Coogee Beach Holiday Park.,City of Cockburn,Cockburn,source_document,https://www.cockburn.wa.gov.au/Building-Planning-and-Roads/Town-Planning-and-Development/Planning-Projects/Discovery-Parks-lease-at-Coogee-Beach-Caravan-Park,active
09552cdf-cc1c-556c-b8d1-8695af6aeec1,District Structure Plans,City of Cockburn,Cockburn,structure_plan,https://www.cockburn.wa.gov.au/Building-Planning-and-Roads/Town-Planning-and-Development/Structure-Plans/District-Structure-Plans,active
8558c223-7ec5-50bd-9c69-2f2a80d684e4,DPLH Development control and operational policies index,Western Australian Planning Commission,,index_page,https://www.wa.gov.au/organisation/department-of-planning-lands-and-heritage/development-control-and-operational-policies,active
b302d71d-6929-5a23-ae0a-bfbcbe4f3feb,DPLH State Planning Policies index,Western Australian Planning Commission,,index_page,https://www.wa.gov.au/government/document-collections/state-planning-policies,active
ce5055f4-1828-49f7-9f21-d01a908631ad,Geoscape G-NAF (Geocoded National Address File),Geoscape Australia,,spatial_dataset,https://data.gov.au/data/dataset/geocoded-national-address-file-g-naf,active
1bb6fc79-04a2-55a7-8ddb-0bc704e413cf,"Glen Iris Estate Local Structure Plan - WAPC Reference SPN/2330 (PDF, 239.24MB)","Department of Planning, Lands and Heritage",Cockburn,structure_plan,https://www.wa.gov.au/system/files/2024-09/glen-iris-estate-local-structure-plan-wapc-reference-spn-2330.pdf,active
4e80af6f-d043-515d-9638-228238563198,"Hamilton Hill Revitalisation Strategy Find out about the Hamilton Hill Revitalisation Strategy, including aim, background, key issues, program of works, context and who to contact.",City of Cockburn,Cockburn,local_planning_strategy,https://www.cockburn.wa.gov.au/Building-Planning-and-Roads/Town-Planning-and-Development/Revitalisation-Strategies/Hamilton-Hill-Revitalisation-Strategy,active
bb69a074-463e-54a2-a06e-6001457fbb08,"Hammond Park West Structure Plan Amendment No. 2 - WAPC Reference SPN 2082M-2 (PDF, 4.99MB)","Department of Planning, Lands and Heritage",Cockburn,structure_plan,https://www.wa.gov.au/system/files/2022-09/Hammond-Park-West-Structure-Plan-Amendment-No.2-WAPC-Reference-SPN-2082M-2.pdf,active
44e9c34c-ecf3-5fa4-8720-8b0da4828247,"Hammond Quarter Structure Plan - WAPC Reference SPN/2348 (PDF, 51.52MB)","Department of Planning, Lands and Heritage",Cockburn,structure_plan,https://www.wa.gov.au/system/files/2024-02/hammond-quarter-structure-plan-wapc-reference-spn_2348.pdf,active
8d9db257-628f-479a-8850-0fb96bbf99be,Heritage Council WA - Local Heritage Survey (DPLH-008),Heritage Council WA / DPLH (SLIP),,spatial_dataset,https://services.slip.wa.gov.au/public/rest/services/SLIP_Public_Services/People_and_Society/MapServer/9,active
e5122f4b-22b3-48a2-9a82-84b17a131fe3,Heritage Council WA - State Register (DPLH-006),Heritage Council WA / DPLH (SLIP),,spatial_dataset,https://services.slip.wa.gov.au/public/rest/services/SLIP_Public_Services/People_and_Society/MapServer/7,active
95877ba4-87d6-4e13-a8c5-5dd61eef6549,Heritage List (DPLH-090),DPLH (SLIP),,spatial_dataset,https://services.slip.wa.gov.au/public/rest/services/SLIP_Public_Services/People_and_Society/MapServer/16,active
d062ead3-8a60-55ac-b06c-c6e95befd3d6,Housing Affordability Find out about affordable housing for residents and developers. An affordable housing toolkit is also provided here.,City of Cockburn,Cockburn,local_planning_strategy,https://www.cockburn.wa.gov.au/Building-Planning-and-Roads/Town-Planning-and-Development/Local-Planning-Strategy-and-Key-Initiatives/Affordable-Housing,active
c21d42e8-82f3-5f1b-b353-11cc46719d66,"Jandakot Airport Masterplan Access information in the Jandakot Airport Masterplan guides development of the airport site, prepared and updated by Jandakot Airport Holdings.",City of Cockburn,Cockburn,local_planning_strategy,https://www.cockburn.wa.gov.au/Building-Planning-and-Roads/Town-Planning-and-Development/Local-Planning-Strategy-and-Key-Initiatives/Jandakot-Airport-Masterplan,active
7d6e5b08-a49d-57b0-9e92-ad8c5f8e838d,Jandakot/Treeby Urban Expansion The Minister for Planning has made the decision that the Jandakot/Treeby Urban Expansion will become an urban area in the future.,City of Cockburn,Cockburn,local_planning_strategy,https://www.cockburn.wa.gov.au/Building-Planning-and-Roads/Town-Planning-and-Development/Local-Planning-Strategy-and-Key-Initiatives/Jandakot-Treeby-Urban-Expansion,active
004da72c-2d59-5d08-9023-2acfe278ece4,"Koorilla School Site (34B) Local Structure Plan - WAPC Reference SPN/0274 (PDF, 2.6MB)","Department of Planning, Lands and Heritage",Cockburn,structure_plan,https://www.wa.gov.au/system/files/2024-03/koorilla-school-site-34b-local-structure-plan-wapc-reference-spn_0274.pdf,active
fa015a1f-f592-56e1-88a3-37f56f85792b,"Land Management Strategy Find out about the City’s Land Management Strategy, its scope, aims, timeframe, the key issues involved and the process for review.",City of Cockburn,Cockburn,local_planning_strategy,https://www.cockburn.wa.gov.au/Building-Planning-and-Roads/Town-Planning-and-Development/Local-Planning-Strategy-and-Key-Initiatives/Land-Management-Strategy,active
cf998216-f5b0-5e97-b381-38b53a6dcc15,"Latitude 32 Access information and contacts relating to Latitude 32 industrial development in the Hope Valley and Wattleup areas, managed by LandCorp.",City of Cockburn,Cockburn,local_planning_strategy,https://www.cockburn.wa.gov.au/Building-Planning-and-Roads/Town-Planning-and-Development/Local-Planning-Strategy-and-Key-Initiatives/Latitude-32,active
46a1d689-28d6-5c45-beeb-1271f225bd1a,"Latitude 32 Development Area 2 Structure Plan - WAPC Reference SPN 0646 (PDF, 9.58MB)","Department of Planning, Lands and Heritage",Cockburn,structure_plan,https://www.wa.gov.au/system/files/2026-03/latitude-32-development-area-2-structure-plan-wapc-reference-spn-0646.pdf,active
dabeb1ec-1bae-5bf7-817f-3dc3176f6c32,"Latitude 32 Development Area 6A Structure Plan - WAPC Reference SPN 2227 (PDF, 3.61MB)","Department of Planning, Lands and Heritage",Cockburn,structure_plan,https://www.wa.gov.au/system/files/2026-03/latitude_32_development_area_6a_structure_plan.pdf,active
3b32c94d-d5cc-5b2a-ab8a-6cbebdea95ae,"Local Commercial and Activity Centres Strategy Find out about the Local Commercial and Activity Centres Strategy, including its aim, objectives, key issues, strategic planning context and timeline.",City of Cockburn,Cockburn,local_planning_strategy,https://www.cockburn.wa.gov.au/Building-Planning-and-Roads/Town-Planning-and-Development/Local-Planning-Strategy-and-Key-Initiatives/Local-Commercial-and-Activity-Centres-Strategy,active
16c33d10-00b1-5a05-8428-a80c254ebfd2,"Local Development Plans Find out about local development plans (LDPs), including when you need to develop one and how to find a Cockburn LDP using online maps.",City of Cockburn,Cockburn,local_development_plan,https://www.cockburn.wa.gov.au/Building-Planning-and-Roads/Town-Planning-and-Development/Local-Development-Plans,active
97b971e9-2dc8-4bf7-8474-c9529f9b03b2,Local Government Authority (LGA) Boundaries (LGATE-233),Landgate (SLIP),,spatial_dataset,https://services.slip.wa.gov.au/public/rest/services/SLIP_Public_Services/Boundaries/MapServer/14,active
08cafa09-c5a7-5dca-95b7-c3f8d0273ade,Local Planning Policies Access the full list of all relevant local planning policies adopted under Town Planning Scheme No.3.,City of Cockburn,Cockburn,source_document,https://www.cockburn.wa.gov.au/Building-Planning-and-Roads/Town-Planning-and-Development/Local-Planning-Policies,active
65a717f3-bedc-510b-a5e2-9b454720ffe7,"Local Planning Scheme Find out about the City's current Planning Scheme. Department of Planning, Lands and Heritage Regulations and the current Scheme Text.",City of Cockburn,Cockburn,local_planning_scheme,https://www.cockburn.wa.gov.au/Building-Planning-and-Roads/Town-Planning-and-Development/Local-Planning-Scheme,active
7fa89c1c-6816-4ddb-a0ed-e32b207efd65,Local Planning Scheme - R Codes (DPLH-070),DPLH (SLIP),,spatial_dataset,https://services.slip.wa.gov.au/public/rest/services/SLIP_Public_Services/Property_and_Planning/MapServer/111,active
7735fc62-83cf-4c74-b9c6-e790c67a57e6,Local Planning Scheme - Zones and Reserves (DPLH-071),DPLH (SLIP),,spatial_dataset,https://services.slip.wa.gov.au/public/rest/services/SLIP_Public_Services/Property_and_Planning/MapServer/112,active
d955bb0f-4420-5c3d-83cd-8a63d3d37ee3,Local Planning Strategy and Key Initiatives Learn about the City's Local Planning Strategy and Key Initiatives.,City of Cockburn,Cockburn,local_planning_strategy,https://www.cockburn.wa.gov.au/Building-Planning-and-Roads/Town-Planning-and-Development/Local-Planning-Strategy-and-Key-Initiatives,active
ed2e4e3f-6c07-577c-a02e-bd222b76a49e,"Local Planning Strategy Learn about the Local Planning Strategy (LPS) which covers key issues such as housing, employment, business activity, transport and public open space.",City of Cockburn,Cockburn,local_planning_strategy,https://www.cockburn.wa.gov.au/Building-Planning-and-Roads/Town-Planning-and-Development/Local-Planning-Strategy-and-Key-Initiatives/Local-Planning-Strategy,active
435beb69-eff4-5c42-94f8-6e3eca1207cc,"Lot 1, 24 25 & 26 Rockingham Road Munster Structure Plan - WAPC Reference 801-02-23-0048 (PDF, 1.24MB)","Department of Planning, Lands and Heritage",Cockburn,structure_plan,https://www.wa.gov.au/system/files/2023-12/lot-1-24-25-26-rockingham-road-munster-structure-plan-wapc-reference801-02-23-0048.pdf,active
5b2d0457-03a4-5db3-8624-99cb4ea634e4,"Lot 27, 28 & 29 Rockingham Road Munster Structure Plan - WAPC Reference 801-02-23-0050 (PDF, 1.17MB)","Department of Planning, Lands and Heritage",Cockburn,structure_plan,https://www.wa.gov.au/system/files/2023-12/lot-27-28-29-rockingham-road-munster-structure-plan-wapc-reference-801-02-23-0050.pdf,active
1cc87f1a-7e14-51bc-aa7d-157c8107697c,"Lot 32 Barfield Road Hammond Park Structure Plan - WAPC Reference: SPN/0783 (PDF, 116.49MB)","Department of Planning, Lands and Heritage",Cockburn,structure_plan,https://www.wa.gov.au/system/files/2024-05/lot-32-barfield-road-hammond-park-structure-plan-wapc-reference-spn-0783.pdf,active
00163566-d034-5c8d-9754-76b717114ecb,"Lot 34 (No. 65) Ocean Road Coogee SPN 2299 (PDF, 16.53MB)","Department of Planning, Lands and Heritage",Cockburn,structure_plan,https://www.wa.gov.au/system/files/2022-08/SPL_Lot-34-65-Ocean-Road-Coogee-Structure-Plan-ref-SPN_2299.PDF,active
6cebaf91-cd98-58d5-a804-4aabf7fac9b0,"Lot 50 Barfield Road Hammond Park SPN 2298 (PDF, 49.23MB)","Department of Planning, Lands and Heritage",Cockburn,structure_plan,https://www.wa.gov.au/system/files/2022-02/Lot-50-Barfield-Road-Hammond-Park-Structure-Plan-SPN-2298.pdf,active
181aa027-5f3d-500e-8f1f-040347ffbf5b,"Lot 5 Rockingham Road Munster Structure Plan - WAPC Reference: SPN/2098 (PDF, 3.37MB)","Department of Planning, Lands and Heritage",Cockburn,structure_plan,https://www.wa.gov.au/system/files/2024-06/lot-5-rockingham-road-munster-structure-plan-wapc-reference-spn-2098.pdf,active
43a4801f-8ff6-522d-825d-9865c57563e5,"Lot 6 Hammond Road Success Structure Plan - WAPC Reference: SPN/0680 (PDF, 8.9MB)","Department of Planning, Lands and Heritage",Cockburn,structure_plan,https://www.wa.gov.au/system/files/2024-08/lot-6-hammond-road-success-structure-plan-wapc-reference-spn0680.pdf,active
92c1a864-cd1c-59e7-8586-c4afba9c4b52,"Lot 7 Hammond Road Success Structure Plan - WAPC Reference SPN 2304 (PDF, 6.23MB)","Department of Planning, Lands and Heritage",Cockburn,structure_plan,https://www.wa.gov.au/system/files/2023-03/SPL-Lot-7-Hammond-Road-Success-Structure-Plan-WAPC-Reference-SPN-2304.pdf,active
c7d757ad-61d4-5d78-bf54-ad9f6c87c0f2,"Lots 1, 2 & 20 Entrance Road Coogee Local Structure Plan - WAPC Reference: SPN/0785 (PDF, 4.86MB)","Department of Planning, Lands and Heritage",Cockburn,structure_plan,https://www.wa.gov.au/system/files/2024-07/lots-1-2-20-entrance-road-coogee-local-structure-plan-wapc-reference-spn-0785.pdf,active
f20e0ab9-a9d2-5758-bf19-570af7435a42,"Lots 14 15 16 17 18 41 and 500 Ocean Road Coogee Structure Plan (PDF, 10.41MB)","Department of Planning, Lands and Heritage",Cockburn,structure_plan,https://www.wa.gov.au/system/files/2024-10/lots-14-15-16-17-18-41-and-500-ocean-road-coogee-structure-plan.pdf,active
41350eaf-f6e2-583e-b1c1-8a5406bca233,"Lots 4, 125 & 126 Hammond Road Success Structure Plan - WAPC Reference: SPN/0371 (PDF, 7.99MB)","Department of Planning, Lands and Heritage",Cockburn,structure_plan,https://www.wa.gov.au/system/files/2024-06/lots-4-125-126-hammond-road-success-structure-plan-wapc-reference-spn-0371.pdf,active
63b91993-8df8-5dfd-b0ce-3237c9b1a101,"Map 01 - Hamilton Hill locality (PDF, 1.36MB)","Department of Planning, Lands and Heritage",Cockburn,scheme_map,https://www.wa.gov.au/system/files/2026-03/map1_cockburn_tps3_hamilton_hill_locality.pdf,active
0beb562d-de5d-54bc-960b-829c1b9809a2,"Map 02 - Coolbellup locality (PDF, 5.46MB)","Department of Planning, Lands and Heritage",Cockburn,scheme_map,https://www.wa.gov.au/system/files/2026-03/map2_cockburn_tps3_coolbellup_locality.pdf,active
c7ebe4f3-fb7d-5319-a486-77894aa29fb4,"Map 03 - North Lake locality (PDF, 1.4MB)","Department of Planning, Lands and Heritage",Cockburn,scheme_map,https://www.wa.gov.au/system/files/2026-03/map3_cockburn_tps3_north_lake_locality.pdf,active
7ccee170-1003-537f-b066-c6d8471a47d1,"Map 04 - Leeming locality (PDF, 1.38MB)","Department of Planning, Lands and Heritage",Cockburn,scheme_map,https://www.wa.gov.au/system/files/2026-03/map4_cockburn_tps3_leeming_locality_0.pdf,active
9424b079-3def-5b68-bedc-dcc168457074,"Map 05 - Coogee locality (PDF, 1.03MB)","Department of Planning, Lands and Heritage",Cockburn,scheme_map,https://www.wa.gov.au/system/files/2026-03/map5_cockburn_tps3_coogee_locality.pdf,active
583b1200-f4f5-50dc-823f-69a22eb110c1,"Map 06 - Spearwood locality (PDF, 1.63MB)","Department of Planning, Lands and Heritage",Cockburn,scheme_map,https://www.wa.gov.au/system/files/2026-03/map6_cockburn_tps3_spearwood_locality.pdf,active
49bfe4f6-2d92-5c18-868e-03e7f35f102c,"Map 07 - South Lake locality (PDF, 1.36MB)","Department of Planning, Lands and Heritage",Cockburn,scheme_map,https://www.wa.gov.au/system/files/2026-03/map7_cockburn_tps3_south_lake_locality.pdf,active
7b54df06-6751-5ca1-9b15-3c13caf5b2a9,"Map 08 - Jandakot locality (PDF, 1.6MB)","Department of Planning, Lands and Heritage",Cockburn,scheme_map,https://www.wa.gov.au/system/files/2026-05/map8-cockburn_tps3_jandakot_locality.pdf,active
65f5a34b-291e-5cc7-9d8e-94d22a5462c0,"Map 09 - Jandakot locality East (PDF, 2.03MB)","Department of Planning, Lands and Heritage",Cockburn,scheme_map,https://www.wa.gov.au/system/files/2026-03/map9_cockburn_tps3_jandakot_locality_east.pdf,active
0deb7653-f091-50a2-9dcc-ccc187dd603b,"Map 10 - Munster locality Woodman Point (PDF, 1.14MB)","Department of Planning, Lands and Heritage",Cockburn,scheme_map,https://www.wa.gov.au/system/files/2026-03/map10_cockburn_tps3_munster_locality_woodman.pdf,active
d98d1a9e-65b7-556d-b193-21bb90da9f47,"Map 11 - Munster locality (PDF, 1.74MB)","Department of Planning, Lands and Heritage",Cockburn,scheme_map,https://www.wa.gov.au/system/files/2026-03/map11_cockburn_tps3_munster_locality_0.pdf,active
c42b4fd1-8901-5964-bba3-d59108e76f98,"Map 12 - Yangebup locality (PDF, 1.71MB)","Department of Planning, Lands and Heritage",Cockburn,scheme_map,https://www.wa.gov.au/system/files/2026-03/map12_cockburn_tps3_yangebup_locality.pdf,active
65503e4f-1ac2-5002-b52c-dace757564a1,"Map 13 - Success locality (PDF, 1.59MB)","Department of Planning, Lands and Heritage",Cockburn,scheme_map,https://www.wa.gov.au/system/files/2026-03/map13_cockburn_tps3_success_locality.pdf,active
bcb2d793-d66d-5f61-b76f-73586c4d37ec,"Map 14 - Cockburn Sound Marina locality (PDF, 1.05MB)","Department of Planning, Lands and Heritage",Cockburn,scheme_map,https://www.wa.gov.au/system/files/2026-03/map14_cockburn_tps3_cockburn_sound_marina_loc.pdf,active
9221df4c-af3e-5f10-81fb-586e4520ae15,"Map 15 - Henderson locality North (PDF, 1MB)","Department of Planning, Lands and Heritage",Cockburn,scheme_map,https://www.wa.gov.au/system/files/2026-03/map15_cockburn_tps3_henderson_locality_north.pdf,active
0c20a3c8-b09f-593e-a2b2-c77d799091af,"Map 16 - Beeliar locality (PDF, 1.22MB)","Department of Planning, Lands and Heritage",Cockburn,scheme_map,https://www.wa.gov.au/system/files/2026-03/map16_cockburn_tps3_beeliar_locality.pdf,active
33d5be71-05cf-57a5-80ff-27661a2b9452,"Map 17 - Attwell locality (PDF, 2.18MB)","Department of Planning, Lands and Heritage",Cockburn,scheme_map,https://www.wa.gov.au/system/files/2026-03/map17_cockburn_tps3_attwell_locality.pdf,active
10ccf2bc-f24a-58bb-ad89-4f684bbcb38f,"Map 18 - Banjup locality Central (PDF, 1.68MB)","Department of Planning, Lands and Heritage",Cockburn,scheme_map,https://www.wa.gov.au/system/files/2026-03/map18_cockburn_tps3_banjup_locality_central.pdf,active
dfc8a33a-849f-5a28-82ac-08cad0d80fc1,"Map 19 - Cockburn Sound locality (PDF, 1017.77KB)","Department of Planning, Lands and Heritage",Cockburn,scheme_map,https://www.wa.gov.au/system/files/2026-03/map19_cockburn_tps3_cockburn_sound_locality.pdf,active
caded1cd-6b27-5b3c-80cf-719df617796d,"Map 20 - Henderson locality South (PDF, 1.31MB)","Department of Planning, Lands and Heritage",Cockburn,scheme_map,https://www.wa.gov.au/system/files/2026-03/map20_cockburn_tps3_henderson_locality_south.pdf,active
9403ac98-456b-5021-91b1-6454ea6d3fe4,"Map 21 - Wattleup locality (PDF, 1.22MB)","Department of Planning, Lands and Heritage",Cockburn,scheme_map,https://www.wa.gov.au/system/files/2026-03/map21_cockburn_tps3_wattleup_locality.pdf,active
ca387cb4-591c-5e3c-9910-98c1594ee148,"Map 22 - Hammond Park locality (PDF, 1.82MB)","Department of Planning, Lands and Heritage",Cockburn,scheme_map,https://www.wa.gov.au/system/files/2026-03/map22_cockburn_tps3_hammond_park_locality.pdf,active
ac73f7cb-fbf6-5a99-bbe9-a481d0eecc44,"Map 23 - Banjup locality South (PDF, 1.07MB)","Department of Planning, Lands and Heritage",Cockburn,scheme_map,https://www.wa.gov.au/system/files/2026-03/map23_cockburn_tps3_banjup_locality_south.pdf,active
29de0c0d-9e08-5cbd-842b-2a79b9c74c92,"Naval Base Shacks Find out about the Naval Base shacks and the Naval Base Holiday Park, including lease agreements, management plans and rules for building approvals.",City of Cockburn,Cockburn,source_document,https://www.cockburn.wa.gov.au/Building-Planning-and-Roads/Town-Planning-and-Development/Planning-Projects/Naval-Base-Shacks,active
c0fc0fe9-0b7f-592c-a909-a974293c0c2c,"Phoenix Revitalisation Strategy Find out about the Phoenix Central Revitalisation Strategy, its aims and the key issues involved, information about the timeframe and who to contact.",City of Cockburn,Cockburn,local_planning_strategy,https://www.cockburn.wa.gov.au/Building-Planning-and-Roads/Town-Planning-and-Development/Revitalisation-Strategies/Phoenix-Revitalisation-Strategy,active
298bc380-90f1-5feb-848d-eed9edfab3fc,Planning Advice,City of Cockburn,Cockburn,planning_guidance,https://www.cockburn.wa.gov.au/Building-Planning-and-Roads/General-Planning-Information,active
3adce932-ebd6-51bd-ba4f-07f407ec5273,Planning Projects Learn about the City's planning projects.,City of Cockburn,Cockburn,source_document,https://www.cockburn.wa.gov.au/Building-Planning-and-Roads/Town-Planning-and-Development/Planning-Projects,active
57371559-6a39-557e-9111-b5213f9f6cd7,"Planning Scheme Information on the Town Planning Scheme No. 3, its scope and amendments to current town planning schemes in the City.",City of Cockburn,Cockburn,local_planning_scheme,https://www.cockburn.wa.gov.au/Building-Planning-and-Roads/Town-Planning-and-Development/Local-Planning-Scheme/Planning-Scheme,active
c3af690f-0d18-56e1-8c62-0c88db65403b,Proposed Coogee Golf Complex View information about the Proposed Coogee Golf Complex.,City of Cockburn,Cockburn,source_document,https://www.cockburn.wa.gov.au/Building-Planning-and-Roads/Town-Planning-and-Development/Planning-Projects/Coogee-Golf-Complex,active
8ef33657-15b2-5cf4-a6cd-55afbf56a6f7,Redevelopment of Cockburn Gateway Shopping City Find out what role the City plays in the $1.08 billion development application for a proposed extensive four-stage redevelopment of Cockburn Gateway Shopping City.,City of Cockburn,Cockburn,source_document,https://www.cockburn.wa.gov.au/Building-Planning-and-Roads/Town-Planning-and-Development/Glen-Iris-%281%29,active
ad576c8e-253c-592e-9c88-7be5629adcad,"Revitalisation Strategies Find out about suburb revitalisation strategies for Coolbellup, The Lakes, Hamilton Hill and Phoenix.",City of Cockburn,Cockburn,source_document,https://www.cockburn.wa.gov.au/Building-Planning-and-Roads/Town-Planning-and-Development/Revitalisation-Strategies,active
a80536f1-99ee-5c01-9a5c-9cfcbec328f4,Roe 8 (West) and Roe 9 Find out about the State Government’s investigation in to future possible land use.,City of Cockburn,Cockburn,local_planning_strategy,https://www.cockburn.wa.gov.au/Building-Planning-and-Roads/Town-Planning-and-Development/Local-Planning-Strategy-and-Key-Initiatives/Roe-8-(West)-and-Roe-9,active
ae3ac3ae-56a2-583f-8168-41dedd0685d6,Short Term Rental Accommodation Find out where to register your short term rental accommodation and any approvals required.,City of Cockburn,Cockburn,local_planning_strategy,https://www.cockburn.wa.gov.au/Building-Planning-and-Roads/Town-Planning-and-Development/Local-Planning-Strategy-and-Key-Initiatives/Short-Term-Rental-Accommodation,active
07f0954c-4098-5da6-9cb6-9a88e95205dc,SLIP / data.wa.gov.au catalogue (PlanWA spatial layers),Government of Western Australia,,index_page,https://catalogue.data.wa.gov.au/,active
4b9ecbed-795e-5013-bb42-de87314c5a49,Structure Plan Framework and Process,City of Cockburn,Cockburn,structure_plan,https://www.cockburn.wa.gov.au/Building-and-Development/Town-planning-and-development/Structure-plans/Structure-plan-framework-and-process,active
c4d88338-4fdf-5c7a-b1ce-d418e89d662e,Structure Plans,City of Cockburn,Cockburn,structure_plan,https://www.cockburn.wa.gov.au/Building-and-Development/Town-planning-and-development/Structure-plans,active
a745f4f6-98a9-57c2-b853-ccd4252c9a0a,Structure Plans Find out about the structure plan framework and process. Access approved structure plans and structured plans currently under consideration.,City of Cockburn,Cockburn,structure_plan,https://www.cockburn.wa.gov.au/Building-Planning-and-Roads/Town-Planning-and-Development/Structure-Plans,active
7d618ddf-d05d-5c98-a54d-693c1210b3e6,Structure Plans Framework and Approvals,City of Cockburn,Cockburn,structure_plan,https://www.cockburn.wa.gov.au/Building-Planning-and-Roads/Town-Planning-and-Development/Structure-Plans/Structure-Plans-Framework-and-Approvals,active
7d528b0c-6375-5efe-ab7d-0043c463f3e4,"Subdivisions Find out about the subdivision process, engineering, standards and guidelines.",City of Cockburn,Cockburn,source_document,https://www.cockburn.wa.gov.au/Building-Planning-and-Roads/Town-Planning-and-Development/Subdivisions,active
a1b2ea31-8af0-5eb6-ab80-a263eda3fc52,Suburb Revitalisation,City of Cockburn,Cockburn,source_document,https://www.cockburn.wa.gov.au/Building-and-Development/Town-planning-and-development/Suburb-revitalisation,active
2638969e-66a1-5b3d-8c64-52ce9be5f76b,"The Lakes Revitalisation Strategy Access information about the Lakes Revitalisation Strategy, including objectives, key issues, planning context, implementation timelines and progress.",City of Cockburn,Cockburn,local_planning_strategy,https://www.cockburn.wa.gov.au/Building-Planning-and-Roads/Town-Planning-and-Development/Revitalisation-Strategies/The-Lakes-Revitalisation-Strategy,active
09357a83-e528-5b06-a822-6ff9929f2659,Town Planning and Development,City of Cockburn,Cockburn,source_document,https://www.cockburn.wa.gov.au/Building-Planning-and-Roads/Town-Planning-and-Development,active
db32804b-22ba-5533-9a71-c3c4135faae1,Town Planning Scheme,City of Cockburn,Cockburn,source_document,https://www.cockburn.wa.gov.au/Building-and-Development/Town-planning-and-development/Current-development-projects,active
48c9a50d-57e7-5890-a9d0-950841d669da,Town Planning Scheme web page.,"Department of Planning, Lands and Heritage",Cockburn,local_planning_scheme,https://www.wa.gov.au/system/files/2022-11/cockburn3%20schemetext%20.pdf,active
b2273a40-7898-5cbf-95fc-b2518d55389d,"Tree Protection Policy Learn about Cockburn’s Tree Protection Policy, including when approval is required to remove or impact regulated trees and how to apply.",City of Cockburn,Cockburn,local_planning_policy,https://www.cockburn.wa.gov.au/Building-Planning-and-Roads/Town-Planning-and-Development/Tree-Protection-Policy,active
6f564279-ccab-511a-af10-dd0ef608082c,"Underground Power Find out about underground power in the City including suburbs, costs, timelines, benefits, and what to expect.",City of Cockburn,Cockburn,source_document,https://www.cockburn.wa.gov.au/Building-Planning-and-Roads/Town-Planning-and-Development/Revitalisation-Strategies/Underground-Power-(1),active
1473ef99-0bf2-531b-99c8-651ba21cbdb1,View the JDAP agendas and minutes,City of Cockburn,Cockburn,source_document,https://www.cockburn.wa.gov.au/City-and-Council/About-Council-Meetings-and-Elections/Agendas-and-Minutes/Joint-Development-Assessment-Panel,active
2de8799d-c9d8-54c3-89b2-827eadc14ee2,View video transcript,City of Cockburn,Cockburn,source_document,https://www.cockburn.wa.gov.au/getattachment/Building-Planning-and-Roads/General-Planning-Information/The-approval-process-for-new-development-in-Cockburn-–-Video-transcript.pdf.aspx?lang=en-AU,active
d0ea9d65-65e1-59e4-88c5-cbdc4c835854,WA legislation register — P&D Act 2005 subsidiary legislation index,Government of Western Australia,,index_page,https://www.legislation.wa.gov.au/legislation/statutes.nsf/law_a9408_subsidiary.html,active
4890c32f-4027-5a92-b06c-f9405d68f5b3,WA legislation register — Planning and Development Act 2005 home page,Government of Western Australia,,index_page,https://www.legislation.wa.gov.au/legislation/statutes.nsf/main_mrtitle_722_homepage.html,active
17fddd0a-d4d2-500e-84b9-dd4719d5f830,WAPC Application Guide,"Department of Planning, Lands and Heritage",Cockburn,source_document,https://www.planning.wa.gov.au/docs/default-source/default-document-library/guide-to-subdivision-applications-and-fees.pdf?sfvrsn=556d6dfe_4,active
66d2e541-686e-571e-9805-1fa8f2678646,"Yangebup Revitalisation Strategy Find out about the Yangebup Revitalisation Strategy including objectives, key issues, planning context, implementation timelines and progress.",City of Cockburn,Cockburn,local_planning_strategy,https://www.cockburn.wa.gov.au/Building-Planning-and-Roads/Town-Planning-and-Development/Revitalisation-Strategies/Yangebup-Revitalisation-Strategy,active
