id,instrument_name,category,issuing_authority,index_source_url,canonical_url,expected_version_hint,status,source_document_id,last_checked_at,notes
PC-001,State Planning Policy 7.3 Residential Design Codes Volume 1,planning_code,Western Australian Planning Commission,https://www.wa.gov.au/government/document-collections/planning-codes-and-state-planning-policies,https://www.wa.gov.au/system/files/2026-04/r-codes-volume-1-10-april-2026.pdf,current consolidated,extracted,,2026-06-10,direct R-Codes Vol 1 PDF (collection-page resolver had grabbed PB114)
PC-002,State Planning Policy 7.3 Residential Design Codes Volume 2 - Apartments,planning_code,Western Australian Planning Commission,https://www.wa.gov.au/government/document-collections/planning-codes-and-state-planning-policies,https://www.wa.gov.au/government/document-collections/state-planning-policy-73-residential-design-codes-apartments,current consolidated,extracted,,2026-06-10,R-Codes Vol 2 (apartments)
SPP-001,State Planning Policy 1 State Planning Framework,SPP,Western Australian Planning Commission,https://www.wa.gov.au/government/document-collections/planning-codes-and-state-planning-policies,https://www.wa.gov.au/system/files/2021-06/SPP_1_State_Planning_Framework.pdf,2021,extracted,,2026-06-10,
SPP-002,State Planning Policy 2.0 Environment and Natural Resources Policy,SPP,Western Australian Planning Commission,https://www.wa.gov.au/government/document-collections/planning-codes-and-state-planning-policies,https://www.wa.gov.au/government/publications/state-planning-policy-20-environment-and-natural-resources-policy,,extracted,,2026-06-10,
SPP-003,State Planning Policy 2.4 Planning for Basic Raw Materials,SPP,Western Australian Planning Commission,https://www.wa.gov.au/government/document-collections/planning-codes-and-state-planning-policies,https://www.wa.gov.au/government/publications/state-planning-policy-24-basic-raw-materials,,extracted,,2026-06-10,
SPP-004,State Planning Policy 2.5 Rural Planning,SPP,Western Australian Planning Commission,https://www.wa.gov.au/government/document-collections/planning-codes-and-state-planning-policies,https://www.wa.gov.au/government/publications/state-planning-policy-25-rural-planning,,extracted,,2026-06-10,
SPP-005,State Planning Policy 2.6 State Coastal Planning,SPP,Western Australian Planning Commission,https://www.wa.gov.au/government/document-collections/planning-codes-and-state-planning-policies,https://www.wa.gov.au/government/publications/state-planning-policy-26-coastal-planning,,extracted,,2026-06-10,
SPP-006,State Planning Policy 2.8 Bushland Policy for the Perth Metropolitan Region,SPP,Western Australian Planning Commission,https://www.wa.gov.au/government/document-collections/planning-codes-and-state-planning-policies,https://www.wa.gov.au/government/publications/state-planning-policy-28-bushland-policy-the-perth-metropolitan-region,,extracted,,2026-06-10,
SPP-007,State Planning Policy 2.9 Planning for Water,SPP,Western Australian Planning Commission,https://www.wa.gov.au/government/document-collections/planning-codes-and-state-planning-policies,https://www.planning.wa.gov.au/state-planning-policy-2.9-water,,extracted,,2026-06-10,"replaces SPP 2.1, 2.2, 2.3, 2.7, 2.9 (2006) and 2.10 - operative water planning policy"
SPP-008,State Planning Policy 3.0 Urban Growth and Settlement,SPP,Western Australian Planning Commission,https://www.wa.gov.au/government/document-collections/planning-codes-and-state-planning-policies,https://www.wa.gov.au/government/publications/state-planning-policy-30-urban-growth-and-settlement,,extracted,,2026-06-10,
SPP-009,State Planning Policy 3.2 Aboriginal Settlements,SPP,Western Australian Planning Commission,https://www.wa.gov.au/government/document-collections/planning-codes-and-state-planning-policies,https://www.wa.gov.au/government/publications/state-planning-policy-32-aboriginal-settlements,,extracted,,2026-06-10,
SPP-010,State Planning Policy 3.4 Natural Hazards and Disasters,SPP,Western Australian Planning Commission,https://www.wa.gov.au/government/document-collections/planning-codes-and-state-planning-policies,https://www.wa.gov.au/government/publications/state-planning-policy-34-natural-hazards-and-disasters,,extracted,,2026-06-10,
SPP-011,State Planning Policy 3.5 Historic Heritage Conservation,SPP,Western Australian Planning Commission,https://www.wa.gov.au/government/document-collections/planning-codes-and-state-planning-policies,https://www.wa.gov.au/government/publications/state-planning-policy-35-historic-heritage-conservation,,extracted,,2026-06-10,
SPP-012,State Planning Policy 3.6 Infrastructure Contributions,SPP,Western Australian Planning Commission,https://www.wa.gov.au/government/document-collections/planning-codes-and-state-planning-policies,https://www.wa.gov.au/government/publications/state-planning-policy-36-infrastructure-contributions,,extracted,,2026-06-10,
SPP-013,State Planning Policy 3.7 Planning in Bushfire Prone Areas,SPP,Western Australian Planning Commission,https://www.wa.gov.au/government/document-collections/planning-codes-and-state-planning-policies,https://www.planning.wa.gov.au/state-planning-policy-3.7-bushfire,,extracted,,2026-06-10,
SPP-014,State Planning Policy 4.1 Industrial Interface,SPP,Western Australian Planning Commission,https://www.wa.gov.au/government/document-collections/planning-codes-and-state-planning-policies,https://www.wa.gov.au/government/publications/draft-state-planning-policy-41-industrial-interface,,extracted,,2026-06-10,confirmed: instrument exists only as draft; URL serves current draft (advisory weight only)
SPP-015,State Planning Policy 4.2 Activity Centres for Perth and Peel,SPP,Western Australian Planning Commission,https://www.wa.gov.au/government/document-collections/planning-codes-and-state-planning-policies,https://www.wa.gov.au/government/publications/state-planning-policy-42-activity-centres-perth-and-peel,,extracted,,2026-06-10,
SPP-016,State Planning Policy 5.1 Land Use Planning in the Vicinity of Perth Airport,SPP,Western Australian Planning Commission,https://www.wa.gov.au/government/document-collections/planning-codes-and-state-planning-policies,https://www.wa.gov.au/government/publications/state-planning-policy-51-land-use-planning-the-vicinity-of-perth-airport,,extracted,,2026-06-10,
SPP-017,State Planning Policy 5.2 Telecommunications Infrastructure,SPP,Western Australian Planning Commission,https://www.wa.gov.au/government/document-collections/planning-codes-and-state-planning-policies,https://www.wa.gov.au/government/publications/state-planning-policy-52-telecommunications-infrastructure,,extracted,,2026-06-10,
SPP-018,State Planning Policy 5.3 Land Use Planning in the Vicinity of Jandakot Airport,SPP,Western Australian Planning Commission,https://www.wa.gov.au/government/document-collections/planning-codes-and-state-planning-policies,https://www.wa.gov.au/government/publications/state-planning-policy-53-land-use-planning-the-vicinity-of-jandakot-airport,,extracted,,2026-06-10,
SPP-019,State Planning Policy 5.4 Road and Rail Noise,SPP,Western Australian Planning Commission,https://www.wa.gov.au/government/document-collections/planning-codes-and-state-planning-policies,https://www.wa.gov.au/government/publications/state-planning-policy-54-road-and-rail-noise,,extracted,,2026-06-10,
SPP-020,State Planning Policy 6.1 Leeuwin-Naturaliste Ridge,SPP,Western Australian Planning Commission,https://www.wa.gov.au/government/document-collections/planning-codes-and-state-planning-policies,https://www.wa.gov.au/government/publications/state-planning-policy-61-leeuwin-naturaliste-ridge,,extracted,,2026-06-10,
SPP-021,State Planning Policy 6.3 Ningaloo Coast,SPP,Western Australian Planning Commission,https://www.wa.gov.au/government/document-collections/planning-codes-and-state-planning-policies,https://www.wa.gov.au/government/publications/state-planning-policy-63-ningaloo-coast,,extracted,,2026-06-10,
SPP-022,State Planning Policy 7.0 Design of the Built Environment,SPP,Western Australian Planning Commission,https://www.wa.gov.au/government/document-collections/planning-codes-and-state-planning-policies,https://www.wa.gov.au/government/publications/state-planning-policy-70-design-of-the-built-environment,,extracted,,2026-06-10,
SPP-023,State Planning Policy 7.2 Precinct Design,SPP,Western Australian Planning Commission,https://www.wa.gov.au/government/document-collections/planning-codes-and-state-planning-policies,https://www.wa.gov.au/government/publications/state-planning-policy-72-precinct-design,,extracted,,2026-06-10,
DC-001,Operational Policy 1.1 Subdivision of Land - General Principles,DC,Western Australian Planning Commission,https://www.wa.gov.au/organisation/department-of-planning-lands-and-heritage/development-control-and-operational-policies,https://www.wa.gov.au/government/publications/operational-policy-11-subdivision-of-land-general-principles,,extracted,,2026-06-10,
DC-002,Development Control Policy 1.3 Strata Titles,DC,Western Australian Planning Commission,https://www.wa.gov.au/organisation/department-of-planning-lands-and-heritage/development-control-and-operational-policies,https://www.wa.gov.au/government/publications/development-control-policy-13-strata-titles,,extracted,,2026-06-10,
DC-003,Development Control Policy 1.5 Bicycle Planning,DC,Western Australian Planning Commission,https://www.wa.gov.au/organisation/department-of-planning-lands-and-heritage/development-control-and-operational-policies,https://www.wa.gov.au/government/publications/development-control-policy-15-bicycle-planning,,extracted,,2026-06-10,
DC-004,Development Control Policy 1.6 Planning to Support Transit Use and Development,DC,Western Australian Planning Commission,https://www.wa.gov.au/organisation/department-of-planning-lands-and-heritage/development-control-and-operational-policies,https://www.wa.gov.au/government/publications/development-control-policy-16-planning-support-transit-use-and-development,,extracted,,2026-06-10,
DC-005,Development Control Policy 1.7 General Road Planning,DC,Western Australian Planning Commission,https://www.wa.gov.au/organisation/department-of-planning-lands-and-heritage/development-control-and-operational-policies,https://www.wa.gov.au/government/publications/development-control-policy-17-general-road-planning,,extracted,,2026-06-10,
DC-006,Development Control Policy 1.8 Canal Estates and Artificial Waterway Developments,DC,Western Australian Planning Commission,https://www.wa.gov.au/organisation/department-of-planning-lands-and-heritage/development-control-and-operational-policies,https://www.wa.gov.au/government/publications/development-control-policy-18-canal-estates-and-artificial-waterway-developments,,extracted,,2026-06-10,
DC-007,Development Control Policy 1.10 Freeway Service Centres and Roadhouses,DC,Western Australian Planning Commission,https://www.wa.gov.au/organisation/department-of-planning-lands-and-heritage/development-control-and-operational-policies,https://www.wa.gov.au/government/publications/development-control-policy-110-freeway-services-centres-roadhouses-incl-signage,,extracted,,2026-06-10,
DC-008,Development Control Policy 1.11 Community Schemes,DC,Western Australian Planning Commission,https://www.wa.gov.au/organisation/department-of-planning-lands-and-heritage/development-control-and-operational-policies,https://www.wa.gov.au/government/publications/development-control-policy-111-community-schemes,,extracted,,2026-06-10,
DC-009,Development Control Policy 2.2 Residential Subdivision,DC,Western Australian Planning Commission,https://www.wa.gov.au/organisation/department-of-planning-lands-and-heritage/development-control-and-operational-policies,https://www.wa.gov.au/government/publications/development-control-policy-22-residential-subdivision,,extracted,,2026-06-10,
DC-010,Development Control Policy 2.4 School Sites,DC,Western Australian Planning Commission,https://www.wa.gov.au/organisation/department-of-planning-lands-and-heritage/development-control-and-operational-policies,https://www.wa.gov.au/government/publications/development-control-policy-24-school-sites,,extracted,,2026-06-10,
DC-011,Development Control Policy 2.6 Residential Road Planning,DC,Western Australian Planning Commission,https://www.wa.gov.au/organisation/department-of-planning-lands-and-heritage/development-control-and-operational-policies,https://www.wa.gov.au/government/publications/development-control-policy-26-residential-road-planning,,extracted,,2026-06-10,
DC-012,Development Control Policy 3.4 Subdivision of Rural Land,DC,Western Australian Planning Commission,https://www.wa.gov.au/organisation/department-of-planning-lands-and-heritage/development-control-and-operational-policies,https://www.wa.gov.au/government/publications/development-control-policy-34-subdivision-of-rural-land,,extracted,,2026-06-10,
DC-013,Development Control Policy 4.1 Industrial Subdivision,DC,Western Australian Planning Commission,https://www.wa.gov.au/organisation/department-of-planning-lands-and-heritage/development-control-and-operational-policies,https://www.wa.gov.au/government/publications/development-control-policy-41-industrial-subdivision,,extracted,,2026-06-10,
DC-014,Development Control Policy 4.2 Planning for Hazards and Safety,DC,Western Australian Planning Commission,https://www.wa.gov.au/organisation/department-of-planning-lands-and-heritage/development-control-and-operational-policies,https://www.wa.gov.au/government/publications/development-control-policy-42-planning-hazards-and-safety,,extracted,,2026-06-10,
DC-015,Development Control Policy 5.1 Regional Roads (Vehicular Access),DC,Western Australian Planning Commission,https://www.wa.gov.au/organisation/department-of-planning-lands-and-heritage/development-control-and-operational-policies,https://www.wa.gov.au/government/publications/development-control-policy-51-regional-roads-vehicular-access,,extracted,,2026-06-10,
DC-016,"Development Control Policy 5.3 Use of Land Reserved for Parks, Recreation and Regional Open Space",DC,Western Australian Planning Commission,https://www.wa.gov.au/organisation/department-of-planning-lands-and-heritage/development-control-and-operational-policies,https://www.wa.gov.au/government/publications/development-control-policy-53-use-of-land-reserved-parks-recreation-and-regional-open-space,,extracted,,2026-06-10,
DC-017,Development Control Policy 5.4 Advertising on Reserved Land,DC,Western Australian Planning Commission,https://www.wa.gov.au/organisation/department-of-planning-lands-and-heritage/development-control-and-operational-policies,https://www.wa.gov.au/government/publications/development-control-policy-54-advertising-reserved-land,,extracted,,2026-06-10,
PS-001,Position Statement: Purpose-built Student Accommodation,position_statement,Western Australian Planning Commission,https://www.wa.gov.au/organisation/department-of-planning-lands-and-heritage/position-statements,https://www.wa.gov.au/government/publications/position-statement-purpose-built-student-accommodation,,extracted,,2026-06-10,
PS-002,Position Statement: Public Open Space,position_statement,Western Australian Planning Commission,https://www.wa.gov.au/organisation/department-of-planning-lands-and-heritage/position-statements,https://www.wa.gov.au/government/document-collections/position-statement-public-open-space,,extracted,,2026-06-10,
PS-003,Position Statement: Planning for Tourism and Short-term Rental Accommodation,position_statement,Western Australian Planning Commission,https://www.wa.gov.au/organisation/department-of-planning-lands-and-heritage/position-statements,https://www.wa.gov.au/system/files/2024-11/position-statement-planning-for-tourism-active-nov-2024.pdf,Nov 2024,extracted,,2026-06-10,
PS-004,Position Statement: Electric Vehicle Charging Infrastructure,position_statement,Western Australian Planning Commission,https://www.wa.gov.au/organisation/department-of-planning-lands-and-heritage/position-statements,https://www.wa.gov.au/government/publications/draft-position-statement-electric-vehicle-charging-infrastructure,,extracted,,2026-06-10,confirmed: instrument exists only as draft; URL serves current draft (advisory weight only)
PS-005,Position Statement: Special Residential Zones,position_statement,Western Australian Planning Commission,https://www.wa.gov.au/organisation/department-of-planning-lands-and-heritage/position-statements,https://www.wa.gov.au/government/publications/position-statement-special-residential-zone,,extracted,,2026-06-10,
PS-006,Position Statement: Residential Accommodation for Ageing Persons,position_statement,Western Australian Planning Commission,https://www.wa.gov.au/organisation/department-of-planning-lands-and-heritage/position-statements,https://www.wa.gov.au/government/publications/position-statement-residential-accommodation-ageing-persons,,extracted,,2026-06-10,
PS-007,Position Statement: Container Deposit Scheme Infrastructure,position_statement,Western Australian Planning Commission,https://www.wa.gov.au/organisation/department-of-planning-lands-and-heritage/position-statements,https://www.wa.gov.au/government/publications/position-statement-container-deposit-scheme-infrastructure,,extracted,,2026-06-10,
PS-008,Position Statement: Renewable Energy Facilities,position_statement,Western Australian Planning Commission,https://www.wa.gov.au/organisation/department-of-planning-lands-and-heritage/position-statements,https://www.wa.gov.au/government/publications/position-statement-renewable-energy-facilities,,extracted,,2026-06-10,
PS-009,Position Statement: Housing on Lots Less than 100m2,position_statement,Western Australian Planning Commission,https://www.wa.gov.au/organisation/department-of-planning-lands-and-heritage/position-statements,https://www.wa.gov.au/government/publications/position-statement-housing-lots-less-100m2,,extracted,,2026-06-10,
PS-010,Position Statement: Workforce Accommodation,position_statement,Western Australian Planning Commission,https://www.wa.gov.au/organisation/department-of-planning-lands-and-heritage/position-statements,https://www.wa.gov.au/government/publications/position-statement-workforce-accommodation,,extracted,,2026-06-10,
PS-011,Position Statement: Dark Sky and Astrotourism,position_statement,Western Australian Planning Commission,https://www.wa.gov.au/organisation/department-of-planning-lands-and-heritage/position-statements,https://www.wa.gov.au/government/publications/draft-planning-position-statement-dark-sky-and-astrotourism,,extracted,,2026-06-10,confirmed: instrument exists only as draft; URL serves current draft (advisory weight only)
PB-001,Planning Bulletin 33 Rights-of-way or Laneways in Established Areas,planning_bulletin,Western Australian Planning Commission,https://www.wa.gov.au/government/document-collections/planning-bulletins,https://www.wa.gov.au/system/files/2021-07/PB_33_Rights_of_way.pdf,,extracted,,2026-06-10,
PB-002,Planning Bulletin 112 Medium-density Single House Development Standards,planning_bulletin,Western Australian Planning Commission,https://www.wa.gov.au/government/document-collections/planning-bulletins,https://www.wa.gov.au/system/files/2024-04/planning_bulletin_112-mar2024.pdf,Mar 2024,extracted,,2026-06-10,
PB-003,Planning Bulletin 113 Multiple Dwellings in R40 Coded Areas,planning_bulletin,Western Australian Planning Commission,https://www.wa.gov.au/government/document-collections/planning-bulletins,https://www.wa.gov.au/system/files/2021-07/PB_113_multiple_dwellings_R40_44526.pdf,,extracted,,2026-06-10,
PB-004,Planning Bulletin 114 Residential Design Codes Volume 1 and 2,planning_bulletin,Western Australian Planning Commission,https://www.wa.gov.au/government/document-collections/planning-bulletins,https://www.wa.gov.au/system/files/2024-03/planning_bulletin_114_mar20242.pdf,Mar 2024,extracted,,2026-06-10,
PB-005,Planning Bulletin 115 Short-Term Rental Accommodation Guide,planning_bulletin,Western Australian Planning Commission,https://www.wa.gov.au/government/document-collections/planning-bulletins,https://www.wa.gov.au/system/files/2024-09/planning_bulletin_115_2024_0.pdf,2024,extracted,,2026-06-10,
PB-006,Planning Bulletin 100 State Planning Policy 3.6 Development Contributions,planning_bulletin,Western Australian Planning Commission,https://www.wa.gov.au/government/document-collections/planning-bulletins,https://www.wa.gov.au/system/files/2021-07/PB_100_SPP3-6_development_contributions_infrastructure.pdf,,extracted,,2026-06-10,
PB-007,Planning Bulletin 107 Model Subdivision Conditions,planning_bulletin,Western Australian Planning Commission,https://www.wa.gov.au/government/document-collections/planning-bulletins,https://www.wa.gov.au/system/files/2021-07/PB_107_New_Model_Subdivision.pdf,,extracted,,2026-06-10,
LEG-001,Planning and Development Act 2005,legislation,Parliament of Western Australia,https://www.legislation.wa.gov.au/legislation/statutes.nsf/actsif_p.html,https://www.legislation.wa.gov.au/legislation/statutes.nsf/RedirectURL?OpenAgent&query=mrdoc_49203.pdf,consolidated 19 Feb 2026,extracted,,2026-06-10,official consolidated PDF
LEG-002,Building Act 2011,legislation,Parliament of Western Australia,https://www.legislation.wa.gov.au/legislation/statutes.nsf/actsif_b.html,https://www.legislation.wa.gov.au/legislation/statutes.nsf/law_a146834.html&view=consolidated,current consolidated,extracted,,2026-06-10,resolve via actsif_b.html | url resolved from index page
LEG-003,Building Regulations 2012,legislation,Parliament of Western Australia,https://www.legislation.wa.gov.au/legislation/statutes.nsf/law_a146877_subsidiary.html,https://www.legislation.wa.gov.au/legislation/statutes.nsf/law_s43955.html&view=consolidated,current consolidated,extracted,,2026-06-10,resolve via Building Act 2011 subsidiary page
LEG-004,Strata Titles Act 1985,legislation,Parliament of Western Australia,https://www.legislation.wa.gov.au/legislation/statutes.nsf/actsif_s.html,https://www.legislation.wa.gov.au/legislation/statutes.nsf/law_a796.html&view=consolidated,current consolidated,extracted,,2026-06-10,resolve via actsif_s.html | url resolved from index page
LEG-005,Environmental Protection Act 1986,legislation,Parliament of Western Australia,https://www.legislation.wa.gov.au/legislation/statutes.nsf/actsif_e.html,https://www.legislation.wa.gov.au/legislation/statutes.nsf/law_a252.html&view=consolidated,current consolidated,extracted,,2026-06-10,resolve via actsif_e.html | url resolved from index page
LEG-006,Bush Fires Act 1954,legislation,Parliament of Western Australia,https://www.legislation.wa.gov.au/legislation/statutes.nsf/actsif_b.html,https://www.legislation.wa.gov.au/legislation/statutes.nsf/law_a95.html&view=consolidated,current consolidated,extracted,,2026-06-10,resolve via actsif_b.html | url resolved from index page
LEG-007,Heritage Act 2018,legislation,Parliament of Western Australia,https://www.legislation.wa.gov.au/legislation/statutes.nsf/actsif_h.html,https://www.legislation.wa.gov.au/legislation/statutes.nsf/law_a147195.html&view=consolidated,current consolidated,extracted,,2026-06-10,resolve via actsif_h.html | url resolved from index page
REG-001,Planning and Development (Local Planning Schemes) Regulations 2015,legislation,Parliament of Western Australia,https://www.legislation.wa.gov.au/legislation/statutes.nsf/law_a9408_subsidiary.html,https://www.legislation.wa.gov.au/legislation/statutes.nsf/law_s46246.html&view=consolidated,current consolidated incl Schedule 2 deemed provisions,extracted,,2026-06-10,resolve via P&D Act subsidiary page | url resolved from index page
REG-002,Planning and Development (Development Assessment Panels) Regulations 2011,legislation,Parliament of Western Australia,https://www.legislation.wa.gov.au/legislation/statutes.nsf/law_a9408_subsidiary.html,https://www.legislation.wa.gov.au/legislation/statutes.nsf/law_s42531.html&view=consolidated,current consolidated,extracted,,2026-06-10,resolve via P&D Act subsidiary page | url resolved from index page
REG-003,Planning and Development Regulations 2009,legislation,Parliament of Western Australia,https://www.legislation.wa.gov.au/legislation/statutes.nsf/law_a9408_subsidiary.html,https://www.legislation.wa.gov.au/legislation/statutes.nsf/law_s39645.html&view=consolidated,current consolidated,extracted,,2026-06-10,resolve via P&D Act subsidiary page | url resolved from index page
RS-001,Metropolitan Region Scheme,region_scheme,Western Australian Planning Commission,https://www.wa.gov.au/government/document-collections/metropolitan-region-scheme,https://www.legislation.wa.gov.au/legislation/statutes.nsf/law_s4627.html&view=consolidated,current scheme text,extracted,,2026-06-10,MRS scheme text via legislation.wa.gov.au (wa.gov.au collection 404d)
RS-002,Peel Region Scheme,region_scheme,Western Australian Planning Commission,https://www.wa.gov.au/government/document-collections/peel-region-scheme,https://www.legislation.wa.gov.au/legislation/statutes.nsf/RedirectURL?OpenAgent&query=mrdoc_24845.pdf,current scheme text,extracted,,2026-06-10,"round_1 re-acquired from https://www.legislation.wa.gov.au/legislation/statutes.nsf/RedirectURL?OpenAgent&query=mrdoc_24845.pdf | previous: https://www.wa.gov.au/government/document-collections/peel-region-scheme | Peel Region Scheme text (legislation.wa.gov.au, version 00-e0-05, 21 May 2013)"
RS-003,Greater Bunbury Region Scheme,region_scheme,Western Australian Planning Commission,https://www.wa.gov.au/government/document-collections/greater-bunbury-region-scheme,https://www.wa.gov.au/government/document-collections/greater-bunbury-region-scheme,current scheme text,extracted,,2026-06-10,no PDF resolved; saved page HTML
MEL-SCH-001,City of Melville Local Planning Scheme No. 6 - Scheme Text,scheme,City of Melville,https://www.wa.gov.au/government/document-collections/city-of-melville-planning-information,https://www.wa.gov.au/system/files/2026-02/melville_6_schemetext.pdf,current consolidated,extracted,,2026-06-10,direct scheme text PDF (Feb 2026 upload)
MEL-SCH-002,City of Melville Local Planning Strategy,strategy,City of Melville,"https://www.melvillecity.com.au/planning-and-building/local-planning-strategy,-scheme-policies-and-plans",https://www.melvillecity.com.au/getContentAsset/953e49d3-7475-4236-85b0-315d9243f3a3/3ca954ad-3848-47c6-8f97-68cebe0b47a2/city-of-melville-local-planning-strategy?language=en,,extracted,,2026-06-10,
MEL-MAP-001,City of Melville LPS6 Scheme Map Sheet 1,scheme_map,City of Melville,https://www.wa.gov.au/government/document-collections/city-of-melville-planning-information,https://www.wa.gov.au/system/files/2022-11/Map1_Melville_LPS6_NEW_Attadale-and-Bicton-Localities.pdf,,extracted,,2026-06-10,verified from wa.gov.au Melville collection
MEL-MAP-002,City of Melville LPS6 Scheme Map Sheet 2,scheme_map,City of Melville,https://www.wa.gov.au/government/document-collections/city-of-melville-planning-information,https://www.wa.gov.au/system/files/2023-02/Map2_Melville_LPS6_Applecross_and_Mount_Pleasant_Localities.pdf,,extracted,,2026-06-10,verified from wa.gov.au Melville collection
MEL-MAP-003,City of Melville LPS6 Scheme Map Sheet 3,scheme_map,City of Melville,https://www.wa.gov.au/government/document-collections/city-of-melville-planning-information,https://www.wa.gov.au/system/files/2026-03/map3_melville_lps6_melville_and_myaree_locality.pdf,,extracted,,2026-06-10,verified from wa.gov.au Melville collection
MEL-MAP-004,City of Melville LPS6 Scheme Map Sheet 4,scheme_map,City of Melville,https://www.wa.gov.au/government/document-collections/city-of-melville-planning-information,https://www.wa.gov.au/system/files/2022-11/Map4_Melville_LPS6_NEW_Booragoon-Locality.pdf,,extracted,,2026-06-10,verified from wa.gov.au Melville collection
MEL-MAP-005,City of Melville LPS6 Scheme Map Sheet 5,scheme_map,City of Melville,https://www.wa.gov.au/government/document-collections/city-of-melville-planning-information,https://www.wa.gov.au/system/files/2024-11/map5_melville_lps6_kardinya.pdf,,extracted,,2026-06-10,verified from wa.gov.au Melville collection
MEL-MAP-006,City of Melville LPS6 Scheme Map Sheet 6,scheme_map,City of Melville,https://www.wa.gov.au/government/document-collections/city-of-melville-planning-information,https://www.wa.gov.au/system/files/2024-11/map6_melville_lps6_murdoch.pdf,,extracted,,2026-06-10,verified from wa.gov.au Melville collection
MEL-MAP-007,City of Melville LPS6 Scheme Map Sheet 7,scheme_map,City of Melville,https://www.wa.gov.au/government/document-collections/city-of-melville-planning-information,https://www.wa.gov.au/system/files/2022-11/Map7_Melville_LPS6_NEW_Kardinya-Locality.pdf,,extracted,,2026-06-10,verified from wa.gov.au Melville collection
MEL-MAP-008,City of Melville LPS6 Scheme Map Sheet 8,scheme_map,City of Melville,https://www.wa.gov.au/government/document-collections/city-of-melville-planning-information,https://www.wa.gov.au/system/files/2022-11/Map8_Melville_LPS6_NEW_Leeming-Locality.pdf,,extracted,,2026-06-10,verified from wa.gov.au Melville collection
MEL-LPP-001,City of Melville LPP 1.1 Planning Process and Decision Making,LPP,City of Melville,"https://www.melvillecity.com.au/planning-and-building/local-planning-strategy,-scheme-policies-and-plans/local-planning-policies",https://www.melvillecity.com.au/getContentAsset/0e1cbf0b-d0fd-4377-b62d-60de395848a3/3ca954ad-3848-47c6-8f97-68cebe0b47a2/LPP1-1-Planning-Process-and-Decision-Making-May-2025.pdf?language=en,,extracted,,2026-06-10,
MEL-LPP-002,City of Melville LPP 1.2 Design Review Panel,LPP,City of Melville,"https://www.melvillecity.com.au/planning-and-building/local-planning-strategy,-scheme-policies-and-plans/local-planning-policies",https://www.melvillecity.com.au/getContentAsset/2fdfcfa4-c637-4f26-acc5-8f8af024d544/3ca954ad-3848-47c6-8f97-68cebe0b47a2/LPP-1-2-Design-Review-Panel.pdf?language=en,,extracted,,2026-06-10,
MEL-LPP-003,City of Melville LPP 1.3 Waste and Recyclables Collection,LPP,City of Melville,"https://www.melvillecity.com.au/planning-and-building/local-planning-strategy,-scheme-policies-and-plans/local-planning-policies",https://www.melvillecity.com.au/getContentAsset/633ebfff-fbd1-430b-955a-4c094d7cd29d/3ca954ad-3848-47c6-8f97-68cebe0b47a2/waste-and-recyclables-collection-for-multiple-dwel?language=en,,extracted,,2026-06-10,
MEL-LPP-004,City of Melville LPP 1.4 Provision of Public Art,LPP,City of Melville,"https://www.melvillecity.com.au/planning-and-building/local-planning-strategy,-scheme-policies-and-plans/local-planning-policies",https://www.melvillecity.com.au/getContentAsset/3c0e658f-1832-49e9-9fda-caba31787366/3ca954ad-3848-47c6-8f97-68cebe0b47a2/LPP-1-4-Provision-of-Public-Art-in-Development-Proposals.pdf?language=en,,extracted,,2026-06-10,
MEL-LPP-005,City of Melville LPP 1.5 Energy Efficiency in Building Design,LPP,City of Melville,"https://www.melvillecity.com.au/planning-and-building/local-planning-strategy,-scheme-policies-and-plans/local-planning-policies",https://www.melvillecity.com.au/getContentAsset/8c17265a-6482-44ed-bbb4-cdba38cd6d33/3ca954ad-3848-47c6-8f97-68cebe0b47a2/energy-efficiency-in-building-design?language=en,,extracted,,2026-06-10,
MEL-LPP-006,City of Melville LPP 1.6 Car Parking and Access,LPP,City of Melville,"https://www.melvillecity.com.au/planning-and-building/local-planning-strategy,-scheme-policies-and-plans/local-planning-policies",https://www.melvillecity.com.au/getContentAsset/f53fbfee-ea82-4f6f-bb3b-b617fbd122d4/3ca954ad-3848-47c6-8f97-68cebe0b47a2/LPP1-6-Parking-and-Access-Final-Version-June-2025.pdf?language=en,,extracted,,2026-06-10,
MEL-LPP-007,City of Melville LPP 1.7 Telecommunications Facilities,LPP,City of Melville,"https://www.melvillecity.com.au/planning-and-building/local-planning-strategy,-scheme-policies-and-plans/local-planning-policies",https://www.melvillecity.com.au/getContentAsset/8c362444-1e5a-4104-a6a5-e0335ef16edf/3ca954ad-3848-47c6-8f97-68cebe0b47a2/LPP1-7-Telecommunications-Facilities-and-Communications-Equipment-FINAL.pdf?language=en,,extracted,,2026-06-10,
MEL-LPP-008,City of Melville LPP 1.8 Crime Prevention Through Environmental Design,LPP,City of Melville,"https://www.melvillecity.com.au/planning-and-building/local-planning-strategy,-scheme-policies-and-plans/local-planning-policies",https://www.melvillecity.com.au/getContentAsset/b3236e04-a9b2-4e90-a58a-1f9c0e4511d1/3ca954ad-3848-47c6-8f97-68cebe0b47a2/crime-prevention-through-environmental-design-of-b?language=en,,extracted,,2026-06-10,
MEL-LPP-009,City of Melville LPP 1.9 Height of Buildings,LPP,City of Melville,"https://www.melvillecity.com.au/planning-and-building/local-planning-strategy,-scheme-policies-and-plans/local-planning-policies",https://www.melvillecity.com.au/getContentAsset/9a1fae81-39e4-4433-9eb5-70ddb49f4d7f/3ca954ad-3848-47c6-8f97-68cebe0b47a2/height-of-buildings?language=en,,extracted,,2026-06-10,
MEL-LPP-010,City of Melville LPP 1.10 Amenity Policy,LPP,City of Melville,"https://www.melvillecity.com.au/planning-and-building/local-planning-strategy,-scheme-policies-and-plans/local-planning-policies",https://www.melvillecity.com.au/getContentAsset/cb1f9aac-bef9-4b77-bacc-0b0afa09dac5/3ca954ad-3848-47c6-8f97-68cebe0b47a2/LPP1-10-Amenity-Policy.pdf?language=en,,extracted,,2026-06-10,
MEL-LPP-011,City of Melville LPP 1.12 Child Minding Centres and Family Day Care,LPP,City of Melville,"https://www.melvillecity.com.au/planning-and-building/local-planning-strategy,-scheme-policies-and-plans/local-planning-policies",https://www.melvillecity.com.au/getContentAsset/7d19bbd6-e185-4952-808f-09c41d48596f/3ca954ad-3848-47c6-8f97-68cebe0b47a2/child-minding-centres-and-family-day-care?language=en,,extracted,,2026-06-10,
MEL-LPP-012,City of Melville LPP 1.14 Temporary Structures,LPP,City of Melville,"https://www.melvillecity.com.au/planning-and-building/local-planning-strategy,-scheme-policies-and-plans/local-planning-policies",https://www.melvillecity.com.au/getContentAsset/e97109ff-e91a-47ef-8f97-51d64523553c/3ca954ad-3848-47c6-8f97-68cebe0b47a2/temporary-structures?language=en,,extracted,,2026-06-10,
MEL-LPP-013,City of Melville LPP 1.16 Flood and Security Lighting,LPP,City of Melville,"https://www.melvillecity.com.au/planning-and-building/local-planning-strategy,-scheme-policies-and-plans/local-planning-policies",https://www.melvillecity.com.au/our-city/publications-and-forms/building-and-development/flood-and-security-lighting,,extracted,,2026-06-10,
MEL-LPP-014,City of Melville LPP 1.17 Additional Development Exemptions,LPP,City of Melville,"https://www.melvillecity.com.au/planning-and-building/local-planning-strategy,-scheme-policies-and-plans/local-planning-policies",https://www.melvillecity.com.au/getContentAsset/c2b52afc-cdb6-4605-84a8-1019a3cf1c8b/3ca954ad-3848-47c6-8f97-68cebe0b47a2/additional-development-exemptions?language=en,,extracted,,2026-06-10,
MEL-LPP-015,City of Melville LPP 1.19 Canning Bridge Activity Centre Plan - Community Benefit,LPP,City of Melville,"https://www.melvillecity.com.au/planning-and-building/local-planning-strategy,-scheme-policies-and-plans/local-planning-policies",https://www.melvillecity.com.au/getContentAsset/8d7b2dce-9569-44f5-a833-794108c1c7e1/3ca954ad-3848-47c6-8f97-68cebe0b47a2/local-planning-policy-canning-bridge-activity-ce?language=en,,extracted,,2026-06-10,
MEL-LPP-016,City of Melville LPP 1.20 Canning Bridge Activity Centre Plan - Density and Bonus,LPP,City of Melville,"https://www.melvillecity.com.au/planning-and-building/local-planning-strategy,-scheme-policies-and-plans/local-planning-policies",https://www.melvillecity.com.au/getContentAsset/29c1d63c-24d6-4646-a4c1-1514361a90a4/3ca954ad-3848-47c6-8f97-68cebe0b47a2/LPP120~1.PDF?language=en,,blocked,,2026-06-10,"council CMS serves 0-byte asset for LPP 1.20 (verified via browser + fresh index crawl; no Wayback copy). Re-check next refresh. Related coverage: MEL-SP-001 ACP, MEL-LPP-015 (LPP 1.19). | corpus/extracted/MEL-LPP-016/full_text.txt missing or <400 bytes. Unblock: `python scripts/extract_text.py MEL-LPP-016` after re-acquiring the source."
MEL-LPP-017,City of Melville LPP 1.21 Short Term Accommodation,LPP,City of Melville,"https://www.melvillecity.com.au/planning-and-building/local-planning-strategy,-scheme-policies-and-plans/local-planning-policies",https://www.melvillecity.com.au/getContentAsset/a4315d6b-c817-426e-8ed7-ddabdf53755f/3ca954ad-3848-47c6-8f97-68cebe0b47a2/short-term-accommodation?language=en,,extracted,,2026-06-10,
MEL-LPP-018,City of Melville LPP 1.22 Construction Management Plans,LPP,City of Melville,"https://www.melvillecity.com.au/planning-and-building/local-planning-strategy,-scheme-policies-and-plans/local-planning-policies",https://www.melvillecity.com.au/getContentAsset/587dc567-816b-4325-b559-94eade617513/3ca954ad-3848-47c6-8f97-68cebe0b47a2/local-planning-policy-construction-management-plan?language=en,,extracted,,2026-06-10,
MEL-LPP-019,City of Melville LPP 2.1 Non-Residential Development,LPP,City of Melville,"https://www.melvillecity.com.au/planning-and-building/local-planning-strategy,-scheme-policies-and-plans/local-planning-policies",https://www.melvillecity.com.au/getContentAsset/e33ebad7-9b3a-46a6-a5c8-71466ac52510/3ca954ad-3848-47c6-8f97-68cebe0b47a2/non-residential-development?language=en,,extracted,,2026-06-10,
MEL-LPP-020,City of Melville LPP 2.2 Outdoor Advertising and Signage,LPP,City of Melville,"https://www.melvillecity.com.au/planning-and-building/local-planning-strategy,-scheme-policies-and-plans/local-planning-policies",https://www.melvillecity.com.au/getContentAsset/f9368ae7-c309-467a-a330-6928de37353a/3ca954ad-3848-47c6-8f97-68cebe0b47a2/local-planning-policy-outdoor-advertising-and-si?language=en,,extracted,,2026-06-10,
MEL-LPP-021,City of Melville LPP 3.1 Residential Development,LPP,City of Melville,"https://www.melvillecity.com.au/planning-and-building/local-planning-strategy,-scheme-policies-and-plans/local-planning-policies",https://www.melvillecity.com.au/getContentAsset/916d8eac-8f3d-4b2a-9e26-66baeefe4e16/3ca954ad-3848-47c6-8f97-68cebe0b47a2/local-planning-policy-residential-development?language=en,,extracted,,2026-06-10,
MEL-LPP-022,City of Melville LPP 3.3 Exhibition and Display Homes,LPP,City of Melville,"https://www.melvillecity.com.au/planning-and-building/local-planning-strategy,-scheme-policies-and-plans/local-planning-policies",https://www.melvillecity.com.au/getContentAsset/e3fb0de5-d57a-4763-8c26-bc2cbd615c6b/3ca954ad-3848-47c6-8f97-68cebe0b47a2/LPP3-3-Exhibition-and-Display-Homes-(FINAL).pdf?language=en,,extracted,,2026-06-10,
MEL-LPP-023,City of Melville LPP 3.4 Tennis Courts,LPP,City of Melville,"https://www.melvillecity.com.au/planning-and-building/local-planning-strategy,-scheme-policies-and-plans/local-planning-policies",https://www.melvillecity.com.au/getContentAsset/ff4acaa0-64a2-4767-b43b-e5ed1606c002/3ca954ad-3848-47c6-8f97-68cebe0b47a2/local-planning-policy-tennis-courts?language=en,,extracted,,2026-06-10,
MEL-LPP-024,City of Melville LPP 3.5 Home Occupation Relative to Sexual Services,LPP,City of Melville,"https://www.melvillecity.com.au/planning-and-building/local-planning-strategy,-scheme-policies-and-plans/local-planning-policies",https://www.melvillecity.com.au/getContentAsset/de47197f-3bb2-4c6f-a62c-e9a6cd76f58e/3ca954ad-3848-47c6-8f97-68cebe0b47a2/local-planning-policy-home-occupation-relative-t?language=en,,extracted,,2026-06-10,
MEL-LPP-025,City of Melville LPP 4.1 RAAFA Master Plan,LPP,City of Melville,"https://www.melvillecity.com.au/planning-and-building/local-planning-strategy,-scheme-policies-and-plans/local-planning-policies",https://www.melvillecity.com.au/getContentAsset/3f701d20-cefa-45ba-9a49-ed0fe6a30941/3ca954ad-3848-47c6-8f97-68cebe0b47a2/local-planning-policy-royal-australian-air-force?language=en,,extracted,,2026-06-10,
MEL-LPP-026,City of Melville LPP 4.4 Murdoch Health and Knowledge Precinct,LPP,City of Melville,"https://www.melvillecity.com.au/planning-and-building/local-planning-strategy,-scheme-policies-and-plans/local-planning-policies",https://www.melvillecity.com.au/getContentAsset/8886da73-06db-49ac-88a2-e06ebc0dedb5/3ca954ad-3848-47c6-8f97-68cebe0b47a2/local-planning-policy-E2-80-A2murdoch-health-and-knowle?language=en,,extracted,,2026-06-10,
MEL-LPP-027,City of Melville LPP 4.5 Carawatha Development Design Guidelines,LPP,City of Melville,"https://www.melvillecity.com.au/planning-and-building/local-planning-strategy,-scheme-policies-and-plans/local-planning-policies",https://www.melvillecity.com.au/getContentAsset/fcf0b20b-84f5-47b1-a21e-0159c911ae3c/3ca954ad-3848-47c6-8f97-68cebe0b47a2/LPP-4-5-Carawatha-Development-Design-Guidelines_1.pdf?language=en,,extracted,,2026-06-10,
MEL-SP-001,City of Melville Canning Bridge Activity Centre Plan,structure_plan,City of Melville,"https://www.melvillecity.com.au/planning-and-building/local-planning-strategy,-scheme-policies-and-plans/activity-centre-and-structure-plans",https://www.wa.gov.au/system/files/2026-04/spn-0754m-8-canning-bridge-activity-centre-amendment-no-7.pdf,,extracted,,2026-06-10,
MEL-SP-002,City of Melville Kardinya District Precinct Plan,structure_plan,City of Melville,"https://www.melvillecity.com.au/planning-and-building/local-planning-strategy,-scheme-policies-and-plans/activity-centre-and-structure-plans",https://www.melvillecity.com.au/getContentAsset/925b2e15-e85f-429b-acec-07339d5e5757/3ca954ad-3848-47c6-8f97-68cebe0b47a2/Kardinya-District-Centre-Precinct-Structure-Plan-WAPC-Reference-(1).pdf?language=en,,extracted,,2026-06-10,
MEL-SP-003,City of Melville Melville City Centre Structure Plan,structure_plan,City of Melville,"https://www.melvillecity.com.au/planning-and-building/local-planning-strategy,-scheme-policies-and-plans/activity-centre-and-structure-plans",https://www.melvillecity.com.au/getContentAsset/7966c166-d3f6-4b98-b57a-5c43bfa7aabc/3ca954ad-3848-47c6-8f97-68cebe0b47a2/Melville-City-Centre-Structure-Plan-(lr).pdf?language=en,,extracted,,2026-06-10,
MEL-SP-004,City of Melville Melville District Activity Centre Structure Plan,structure_plan,City of Melville,"https://www.melvillecity.com.au/planning-and-building/local-planning-strategy,-scheme-policies-and-plans/activity-centre-and-structure-plans",https://www.melvillecity.com.au/getContentAsset/40638c7f-62b6-4e6e-9870-952ad7449112/3ca954ad-3848-47c6-8f97-68cebe0b47a2/Melville-District-Activity-Centre-Plan.pdf?language=en,,extracted,,2026-06-10,
MEL-SP-005,City of Melville Murdoch Specialised Activity Centre Structure Plan,structure_plan,City of Melville,"https://www.melvillecity.com.au/planning-and-building/local-planning-strategy,-scheme-policies-and-plans/activity-centre-and-structure-plans",https://www.wa.gov.au/system/files/2021-05/PRJ-Murdoch-Specialist_activity_Centre_SP_Part_1.pdf,,extracted,,2026-06-10,"round_1 re-acquired from https://www.wa.gov.au/system/files/2021-05/PRJ-Murdoch-Specialist_activity_Centre_SP_Part_1.pdf | previous: https://www.melvillecity.com.au/planning-and-building/local-planning-strategy,-scheme-policies-and-plans/activity-centre-and-structure-plans/murdoch-specialised-activity-centre | Murdoch Specialised Activity Centre Structure Plan Part 1 (wa.gov.au, endorsed Jan 2014)"
MEL-SP-006,City of Melville Riseley Activity Centre Structure Plan,structure_plan,City of Melville,"https://www.melvillecity.com.au/planning-and-building/local-planning-strategy,-scheme-policies-and-plans/activity-centre-and-structure-plans",https://www.wa.gov.au/system/files/2025-05/riseley-activity-centre-structure-plan-wapc.pdf,,extracted,,2026-06-10,
MEL-SP-007,City of Melville Willagee Structure Plan,structure_plan,City of Melville,"https://www.melvillecity.com.au/planning-and-building/local-planning-strategy,-scheme-policies-and-plans/activity-centre-and-structure-plans",https://www.wa.gov.au/system/files/2023-05/willagee-structure-plan-amendment-no2-wapc-reference-spn0789m-2.pdf,,extracted,,2026-06-10,
FRE-SCH-001,City of Fremantle Local Planning Scheme No. 4 - Scheme Text,scheme,City of Fremantle,https://www.fremantle.wa.gov.au/planning-and-building/town-planning/town-planning-documents/,https://www.fremantle.wa.gov.au/planning-and-building/town-planning/town-planning-documents/,current consolidated,extracted,,2026-06-10,resolve scheme text PDF from town planning documents page
FRE-LPP-006,City of Fremantle LPP 2.2 Split Density Codes,LPP,City of Fremantle,https://www.fremantle.wa.gov.au/planning-and-building/town-planning/local-planning-policies/,https://www.fremantle.wa.gov.au/wp-content/uploads/2025/05/LPP-2.2-Split-Density-Codes-Energy-Efficiency-Sustainability-Schedule-JANUARY-2022_0.cleaned.pdf,,extracted,,2026-06-10,resolve from Fremantle LPP list
NCC-001,National Construction Code 2022 Volume One,building_code,Australian Building Codes Board,https://ncc.abcb.gov.au,https://ncc.abcb.gov.au/editions/ncc-2022/adopted/volume-one,NCC 2022,metadata_only,,2026-06-10,NCC requires free registration to download; index metadata only
NCC-002,National Construction Code 2022 Volume Two,building_code,Australian Building Codes Board,https://ncc.abcb.gov.au,https://ncc.abcb.gov.au/editions/ncc-2022/adopted/volume-two,NCC 2022,metadata_only,,2026-06-10,NCC requires free registration to download; index metadata only
NCC-003,NCC 2022 Housing Provisions Standard,building_code,Australian Building Codes Board,https://ncc.abcb.gov.au,https://ncc.abcb.gov.au/editions/ncc-2022/adopted/housing-provisions,NCC 2022,metadata_only,,2026-06-10,NCC requires free registration to download; index metadata only
FRE-LPP-001,"City of Fremantle LPP 1.1 | Planning Refunds, Amendments and Community Consultation 362.5 KB",LPP,City of Fremantle,https://www.fremantle.wa.gov.au/planning-and-building/town-planning/local-planning-policies/,https://www.fremantle.wa.gov.au/wp-content/uploads/2025/05/LPP-1.1-Planning-Refunds-Amendments-and-Community-Consultation.pdf,,extracted,,2026-06-10,discovered from Fremantle LPP index
FRE-LPP-002,City of Fremantle LPP 1.4 | Application for Review of Town Planning Decisions and Written Directions 235.8 KB,LPP,City of Fremantle,https://www.fremantle.wa.gov.au/planning-and-building/town-planning/local-planning-policies/,https://www.fremantle.wa.gov.au/wp-content/uploads/2025/05/Local-Planning-Policy-1.4-Applications-for-Review-of-Planning-Decisions-and-Written-Dire-ID-6132610.pdf,,extracted,,2026-06-10,discovered from Fremantle LPP index
FRE-LPP-003,City of Fremantle LPP 1.6 | Heritage Administration and Procedures 449.3 KB,LPP,City of Fremantle,https://www.fremantle.wa.gov.au/planning-and-building/town-planning/local-planning-policies/,https://www.fremantle.wa.gov.au/wp-content/uploads/2025/09/Local-Planning-Policy-1.6-Heritage-Administration-and-Procedures.pdf,,extracted,,2026-06-10,discovered from Fremantle LPP index
FRE-LPP-004,City of Fremantle LPP 1.7 | Development Exempt from Approval 638.3 KB,LPP,City of Fremantle,https://www.fremantle.wa.gov.au/planning-and-building/town-planning/local-planning-policies/,https://www.fremantle.wa.gov.au/wp-content/uploads/2026/03/LPP-1.7-Development-Exempt-From-Planning-Approval.pdf,,extracted,,2026-06-10,discovered from Fremantle LPP index
FRE-LPP-005,City of Fremantle LPP 1.9 | Design Advisory Committee and Principles of Design 404.5 KB,LPP,City of Fremantle,https://www.fremantle.wa.gov.au/planning-and-building/town-planning/local-planning-policies/,https://www.fremantle.wa.gov.au/wp-content/uploads/2025/05/Local-Planning-Policy-1.9-Design-Advisory-Committee-and-Principles-of-Design.pdf,,extracted,,2026-06-10,discovered from Fremantle LPP index
FRE-LPP-007,City of Fremantle LPP 2.13 | Sustainable Buildings Design Requirements 58.5 KB,LPP,City of Fremantle,https://www.fremantle.wa.gov.au/planning-and-building/town-planning/local-planning-policies/,https://www.fremantle.wa.gov.au/wp-content/uploads/2025/05/Local-Planning-Policy-2.13-Sustainable-Buildings-Design-Requirements-CURRENT-as-of-24-Jul-ID-740850.pdf,,extracted,,2026-06-10,discovered from Fremantle LPP index
FRE-LPP-008,City of Fremantle LPP 2.14 | Advertisement and Signs 356.4 KB,LPP,City of Fremantle,https://www.fremantle.wa.gov.au/planning-and-building/town-planning/local-planning-policies/,https://www.fremantle.wa.gov.au/wp-content/uploads/2025/05/LPP-2.14-Advertisements-and-Signs.pdf,,extracted,,2026-06-10,discovered from Fremantle LPP index
FRE-LPP-009,City of Fremantle LPP 2.18 | New Residential Developments in the City Centre Zone – Noise from an Existing Source 34.1 KB,LPP,City of Fremantle,https://www.fremantle.wa.gov.au/planning-and-building/town-planning/local-planning-policies/,https://www.fremantle.wa.gov.au/wp-content/uploads/2025/05/Local-Planning-Policy-2.18-New-Residential-Developments-in-the-City-Centre-Zone-Noise-ID-462192.pdf,,extracted,,2026-06-10,discovered from Fremantle LPP index
FRE-LPP-010,City of Fremantle LPP 2.19 | Contributions for Public Art and/or Heritage Works 920.0 KB,LPP,City of Fremantle,https://www.fremantle.wa.gov.au/planning-and-building/town-planning/local-planning-policies/,https://www.fremantle.wa.gov.au/wp-content/uploads/2025/05/Local-Planning-Policy-2.19-Contributions-for-Public-Art-and-or-Heritage-Works-LPP2.19-ID-462189.pdf,,extracted,,2026-06-10,discovered from Fremantle LPP index
FRE-LPP-011,City of Fremantle LPP 2.23 | Register of Significant Trees and Vegetation Areas 328.8 KB,LPP,City of Fremantle,https://www.fremantle.wa.gov.au/planning-and-building/town-planning/local-planning-policies/,https://www.fremantle.wa.gov.au/wp-content/uploads/2025/05/Local-Planning-Policy-2.23-Register-of-Significant-Trees-and-Vegetation-Areas-March-2025-ID-6150079.pdf,,extracted,,2026-06-10,discovered from Fremantle LPP index
FRE-LPP-012,City of Fremantle LPP 2.24 | Waste Management Plans 250.4 KB,LPP,City of Fremantle,https://www.fremantle.wa.gov.au/planning-and-building/town-planning/local-planning-policies/,https://www.fremantle.wa.gov.au/wp-content/uploads/2025/08/Local-Planning-Policy-2.24-Waste-Management-Plans.pdf,,extracted,,2026-06-10,discovered from Fremantle LPP index
FRE-LPP-013,City of Fremantle LPP 2.25 | Telecommunications Policy 233.0 KB,LPP,City of Fremantle,https://www.fremantle.wa.gov.au/planning-and-building/town-planning/local-planning-policies/,https://www.fremantle.wa.gov.au/wp-content/uploads/2025/05/Local-Planning-Policy-2.25-Telecommunications-Policy-Amended-22-March-2023-ID-5770435.pdf,,extracted,,2026-06-10,discovered from Fremantle LPP index
FRE-LPP-014,City of Fremantle LPP 2.26 | Tree Retention Policy 285.1 KB,LPP,City of Fremantle,https://www.fremantle.wa.gov.au/planning-and-building/town-planning/local-planning-policies/,https://www.fremantle.wa.gov.au/wp-content/uploads/2025/05/Local-Planning-Policy-2.26-Tree-Retention-ID-6031941.pdf,,extracted,,2026-06-10,discovered from Fremantle LPP index
FRE-LPP-015,City of Fremantle LPP 2.27 | Unhosted Short-Term Rental Accommodation 286.1 KB,LPP,City of Fremantle,https://www.fremantle.wa.gov.au/planning-and-building/town-planning/local-planning-policies/,https://www.fremantle.wa.gov.au/wp-content/uploads/2026/01/Local-Planning-Policy-2.27-Unhosted-Short-Term-Rental-Accommodation.pdf,,extracted,,2026-06-10,discovered from Fremantle LPP index
FRE-LPP-016,City of Fremantle LPP 2.3 | Fremantle Port Buffer Area Development Guidelines 740.8 KB,LPP,City of Fremantle,https://www.fremantle.wa.gov.au/planning-and-building/town-planning/local-planning-policies/,https://www.fremantle.wa.gov.au/wp-content/uploads/2025/05/LPP-2.3-Fremantle-Port-Buffer-Area-Development-Guidelines.pdf,,extracted,,2026-06-10,discovered from Fremantle LPP index
FRE-LPP-017,City of Fremantle LPP 2.8 | Fences 343.3 KB,LPP,City of Fremantle,https://www.fremantle.wa.gov.au/planning-and-building/town-planning/local-planning-policies/,https://www.fremantle.wa.gov.au/wp-content/uploads/2025/05/LPP-2.8-Fences.pdf,,extracted,,2026-06-10,discovered from Fremantle LPP index
FRE-LPP-018,City of Fremantle LPP 2.9 | Residential Streetscapes 333.0 KB,LPP,City of Fremantle,https://www.fremantle.wa.gov.au/planning-and-building/town-planning/local-planning-policies/,https://www.fremantle.wa.gov.au/wp-content/uploads/2025/05/Local-Planning-Policy-2.9-Residential-Streetscape.pdf,,extracted,,2026-06-10,discovered from Fremantle LPP index
FRE-LPP-019,City of Fremantle LPP 3.1 | Fremantle City Centre and Northern Gateway 2.7 MB,LPP,City of Fremantle,https://www.fremantle.wa.gov.au/planning-and-building/town-planning/local-planning-policies/,https://www.fremantle.wa.gov.au/wp-content/uploads/2026/05/LPP-3.1-Fremantle-City-Centre-Northern-Gateway.pdf,,extracted,,2026-06-10,discovered from Fremantle LPP index
FRE-LPP-020,City of Fremantle LPP 3.11 | McCabe Street Area – Height of New Buildings 245.9 KB,LPP,City of Fremantle,https://www.fremantle.wa.gov.au/planning-and-building/town-planning/local-planning-policies/,https://www.fremantle.wa.gov.au/wp-content/uploads/2025/05/Local-Planning-Policy-3.11-McCabe-Street-Area-North-Fremantle-Height-of-New-Buildings-LP-ID-462201.pdf,,extracted,,2026-06-10,discovered from Fremantle LPP index
FRE-LPP-021,City of Fremantle LPP 3.14 | Wray Avenue Precinct 907.4 KB,LPP,City of Fremantle,https://www.fremantle.wa.gov.au/planning-and-building/town-planning/local-planning-policies/,https://www.fremantle.wa.gov.au/wp-content/uploads/2026/01/Local-Planning-Policy-3.14_-Wray-Avenue-Precinct-Adopted-December-2025.pdf,,extracted,,2026-06-10,discovered from Fremantle LPP index
FRE-LPP-022,City of Fremantle LPP 3.16 | Burt Street 2.5 MB,LPP,City of Fremantle,https://www.fremantle.wa.gov.au/planning-and-building/town-planning/local-planning-policies/,https://www.fremantle.wa.gov.au/wp-content/uploads/2025/05/Local-Planning-Policy-3.16-Burt-Street-CURRENT-as-of-1-July-2017-ID-462204.pdf,,extracted,,2026-06-10,discovered from Fremantle LPP index
FRE-LPP-023,"City of Fremantle LPP 3.17 | Hilton Neighbourhood Centre (South Street, Hilton) 443.5 KB",LPP,City of Fremantle,https://www.fremantle.wa.gov.au/planning-and-building/town-planning/local-planning-policies/,https://www.fremantle.wa.gov.au/wp-content/uploads/2025/05/LPP-3.17-Hilton-Neighbourhood-Centre-South-Street-Hilton.pdf,,extracted,,2026-06-10,discovered from Fremantle LPP index
FRE-LPP-024,City of Fremantle LPP 3.2 | Security Screens in the City Centre Zone 251.9 KB,LPP,City of Fremantle,https://www.fremantle.wa.gov.au/planning-and-building/town-planning/local-planning-policies/,https://www.fremantle.wa.gov.au/wp-content/uploads/2026/03/LPP-3.2-Security-Screens-in-the-City-Centre-Zone.pdf,,extracted,,2026-06-10,discovered from Fremantle LPP index
FRE-LPP-025,City of Fremantle LPP 3.20 | Special Control Area Provisions for Small Infill Development 704.1 KB,LPP,City of Fremantle,https://www.fremantle.wa.gov.au/planning-and-building/town-planning/local-planning-policies/,https://www.fremantle.wa.gov.au/wp-content/uploads/2025/05/LPP-3.20-Special-Control-Area-Provisions-for-Small-Infill-Development.pdf,,extracted,,2026-06-10,discovered from Fremantle LPP index
FRE-LPP-026,City of Fremantle LPP 3.21 | West End Heritage Area 15.0 MB,LPP,City of Fremantle,https://www.fremantle.wa.gov.au/planning-and-building/town-planning/local-planning-policies/,https://www.fremantle.wa.gov.au/wp-content/uploads/2025/05/LPP-3.21-West-End-Heritage-Area.pdf,,extracted,,2026-06-10,discovered from Fremantle LPP index
FRE-LPP-027,City of Fremantle LPP 3.22 | North Fremantle 1.3 MB,LPP,City of Fremantle,https://www.fremantle.wa.gov.au/planning-and-building/town-planning/local-planning-policies/,https://www.fremantle.wa.gov.au/wp-content/uploads/2026/05/Local-Planning-Policy-3.22-North-Fremantle-1.pdf,,extracted,,2026-06-10,discovered from Fremantle LPP index
FRE-LPP-028,City of Fremantle LPP 3.3 | Local Planning Areas (East) 937.9 KB,LPP,City of Fremantle,https://www.fremantle.wa.gov.au/planning-and-building/town-planning/local-planning-policies/,https://www.fremantle.wa.gov.au/wp-content/uploads/2026/05/Local-Planning-Policy-3.3-Local-Planning-Areas-East.pdf,,extracted,,2026-06-10,discovered from Fremantle LPP index
FRE-LPP-029,City of Fremantle LPP 3.6 | Heritage-Protected Places Built Form and Land Use 4.5 MB,LPP,City of Fremantle,https://www.fremantle.wa.gov.au/planning-and-building/town-planning/local-planning-policies/,https://www.fremantle.wa.gov.au/wp-content/uploads/2025/09/Local-Planning-Policy-3.6-Heritage-Protected-Places-Built-Form-and-Land-Use.pdf,,extracted,,2026-06-10,discovered from Fremantle LPP index
FRE-LPP-030,City of Fremantle LPP 3.6.1 | Heritage Areas Listings 6.6 MB,LPP,City of Fremantle,https://www.fremantle.wa.gov.au/planning-and-building/town-planning/local-planning-policies/,https://www.fremantle.wa.gov.au/wp-content/uploads/2025/09/Local-Planning-Policy-3.6.1-Heritage-Areas-Listings.pdf,,extracted,,2026-06-10,discovered from Fremantle LPP index
FRE-LPP-031,City of Fremantle LPP 3.7 | South Beach Village 969.6 KB,LPP,City of Fremantle,https://www.fremantle.wa.gov.au/planning-and-building/town-planning/local-planning-policies/,https://www.fremantle.wa.gov.au/wp-content/uploads/2025/05/Local-Planning-Policy-3.7-South-Beach-Village.pdf,,extracted,,2026-06-10,discovered from Fremantle LPP index
FRE-LPP-032,City of Fremantle LPP 3.8 | Local Planning Area 8 – O’Connor 513.0 KB,LPP,City of Fremantle,https://www.fremantle.wa.gov.au/planning-and-building/town-planning/local-planning-policies/,https://www.fremantle.wa.gov.au/wp-content/uploads/2025/11/Local-Planning-Policy-3.8-Local-Planning-Area-8-OConnor.pdf,,extracted,,2026-06-10,discovered from Fremantle LPP index
JOO-LPP-001,City of Joondalup Advertisements Local Planning Policy,LPP,City of Joondalup,https://www.joondalup.wa.gov.au/plan-and-build/localplanninginformationandpolicies/local-planning-policies,https://www.joondalup.wa.gov.au/awcontent/Web/Documents/Local%20Planning%20Policies/Advertisements-Local-Planning-Policy.pdf,,extracted,,2026-06-10,discovered by joondalup_lpps.py
JOO-LPP-002,City of Joondalup Alfresco Spaces Local Planning Policy,LPP,City of Joondalup,https://www.joondalup.wa.gov.au/plan-and-build/localplanninginformationandpolicies/local-planning-policies,https://www.joondalup.wa.gov.au/awcontent/Web/Documents/Local%20Planning%20Policies/Alfresco-Spaces-Local-Planning-Policy.pdf,,extracted,,2026-06-10,discovered by joondalup_lpps.py
JOO-LPP-003,City of Joondalup Childcare Premises Local Planning Policy,LPP,City of Joondalup,https://www.joondalup.wa.gov.au/plan-and-build/localplanninginformationandpolicies/local-planning-policies,https://www.joondalup.wa.gov.au/awcontent/Web/Documents/Local%20Planning%20Policies/Childcare-Premises-Local-Planning-Policy.pdf,,extracted,,2026-06-10,discovered by joondalup_lpps.py
JOO-LPP-004,City of Joondalup Closure of Pedestrian Accessways,LPP,City of Joondalup,https://www.joondalup.wa.gov.au/plan-and-build/localplanninginformationandpolicies/local-planning-policies,https://www.joondalup.wa.gov.au/awcontent/Web/Documents/Local%20Planning%20Policies/Closure-of-Pedestrian-Accessways-Local-Planning-Policy.pdf,,extracted,,2026-06-10,discovered by joondalup_lpps.py
JOO-LPP-005,City of Joondalup Coastal Local Planning Policy,LPP,City of Joondalup,https://www.joondalup.wa.gov.au/plan-and-build/localplanninginformationandpolicies/local-planning-policies,https://www.joondalup.wa.gov.au/awcontent/Web/Documents/Local%20Planning%20Policies/Coastal-Local-Planning-Policy.pdf,,extracted,,2026-06-10,discovered by joondalup_lpps.py
JOO-LPP-006,City of Joondalup Commercial Mixed Use and Service Commercial Zone Local Planning Policy,LPP,City of Joondalup,https://www.joondalup.wa.gov.au/plan-and-build/localplanninginformationandpolicies/local-planning-policies,https://www.joondalup.wa.gov.au/awcontent/Web/Documents/Local%20Planning%20Policies/Commercial-Mixed-Use-and-Service-Commercial-Zone-Local-Planning-Policy.pdf,,extracted,,2026-06-10,discovered by joondalup_lpps.py
JOO-LPP-007,City of Joondalup Consulting Rooms Local Planning Policy,LPP,City of Joondalup,https://www.joondalup.wa.gov.au/plan-and-build/localplanninginformationandpolicies/local-planning-policies,https://www.joondalup.wa.gov.au/awcontent/Web/Documents/Local%20Planning%20Policies/Consulting-Rooms-Local-Planning-Policy.pdf,,extracted,,2026-06-10,discovered by joondalup_lpps.py
JOO-LPP-008,City of Joondalup Container Deposit Scheme Infrastructure Local Planning Policy,LPP,City of Joondalup,https://www.joondalup.wa.gov.au/plan-and-build/localplanninginformationandpolicies/local-planning-policies,https://www.joondalup.wa.gov.au/awcontent/Web/Documents/Local%20Planning%20Policies/Container-Deposit-Scheme-Infrastructure-Local-Planning-Policy.pdf,,extracted,,2026-06-10,discovered by joondalup_lpps.py
JOO-LPP-009,City of Joondalup Development Proposals before the State Administrative Tribunal Local Planning Policy,LPP,City of Joondalup,https://www.joondalup.wa.gov.au/plan-and-build/localplanninginformationandpolicies/local-planning-policies,https://www.joondalup.wa.gov.au/awcontent/Web/Documents/Local%20Planning%20Policies/Development-Proposals-before-the-State-Administrative-Tribunal-Local-Planning-Policy.pdf,,extracted,,2026-06-10,discovered by joondalup_lpps.py
JOO-LPP-010,City of Joondalup Environmentally Sustainable Design Local Planning Policy,LPP,City of Joondalup,https://www.joondalup.wa.gov.au/plan-and-build/localplanninginformationandpolicies/local-planning-policies,https://www.joondalup.wa.gov.au/awcontent/Web/Documents/Local Planning Policies/Environmentally-Sustainable-Design-Local-Planning-Policy.pdf,,extracted,,2026-06-10,discovered by joondalup_lpps.py
JOO-LPP-011,City of Joondalup Home Business Local Planning Policy,LPP,City of Joondalup,https://www.joondalup.wa.gov.au/plan-and-build/localplanninginformationandpolicies/local-planning-policies,https://www.joondalup.wa.gov.au/awcontent/Web/Documents/Local%20Planning%20Policies/Home-Business-Local-Planning-Policy.pdf,,extracted,,2026-06-10,discovered by joondalup_lpps.py
PC-003,Residential Design Codes Volume 1 Explanatory Guidelines,planning_code,Western Australian Planning Commission,https://www.wa.gov.au/government/document-collections/state-planning-policy-73-residential-design-codes,https://www.wa.gov.au/system/files/2024-04/r-codes-vol-1-explanatory-guideline_2024-mar2024.pdf,Mar 2024,extracted,,2026-06-10,R-Codes companion document
PC-004,Residential Design Codes Volume 1 Practice Notes,planning_code,Western Australian Planning Commission,https://www.wa.gov.au/government/document-collections/state-planning-policy-73-residential-design-codes,https://www.wa.gov.au/system/files/2024-04/r_code_practice_notes_april2024.pdf,Apr 2024,extracted,,2026-06-10,R-Codes companion document
SPP-024,State Planning Policy 2.1 Peel-Harvey Coastal Plain Catchment,SPP,Western Australian Planning Commission,https://www.wa.gov.au/government/document-collections/planning-codes-and-state-planning-policies,https://www.wa.gov.au/system/files/2021-06/SPP_2-1_peel_harvey_coastal_plain_catchment.pdf,,out_of_scope,,2026-06-10,"SUPERSEDED: replaced by SPP 2.9 Planning for Water (SPP-007, in corpus) per SPP 2.9 replacement list; wa.gov.au pages removed"
SPP-025,State Planning Policy 2.2 Gnangara Groundwater Protection,SPP,Western Australian Planning Commission,https://www.wa.gov.au/government/document-collections/planning-codes-and-state-planning-policies,https://www.wa.gov.au/system/files/2021-06/SPP_2-2_gnangara_groundwater_protection.pdf,,out_of_scope,,2026-06-10,"SUPERSEDED: replaced by SPP 2.9 Planning for Water (SPP-007, in corpus) per SPP 2.9 replacement list; wa.gov.au pages removed"
SPP-026,State Planning Policy 2.3 Jandakot Groundwater Protection,SPP,Western Australian Planning Commission,https://www.wa.gov.au/government/document-collections/planning-codes-and-state-planning-policies,https://www.wa.gov.au/government/publications/state-planning-policy-23-jandakot-groundwater-protection,gazetted 11 Jan 2017,out_of_scope,,2026-06-10,"SUPERSEDED: replaced by SPP 2.9 Planning for Water (SPP-007, in corpus) per SPP 2.9 replacement list; wa.gov.au pages removed"
SPP-027,State Planning Policy 2.7 Public Drinking Water Source,SPP,Western Australian Planning Commission,https://www.wa.gov.au/government/document-collections/planning-codes-and-state-planning-policies,https://www.wa.gov.au/government/publications/state-planning-policy-27-public-drinking-water-source,,out_of_scope,,2026-06-10,"SUPERSEDED: replaced by SPP 2.9 Planning for Water (SPP-007, in corpus) per SPP 2.9 replacement list; wa.gov.au pages removed"
SPP-028,State Planning Policy 2.10 Swan-Canning River System,SPP,Western Australian Planning Commission,https://www.wa.gov.au/government/document-collections/planning-codes-and-state-planning-policies,https://www.wa.gov.au/government/publications/state-planning-policy-210-swan-canning-river-system,Dec 2006,out_of_scope,,2026-06-10,"SUPERSEDED: replaced by SPP 2.9 Planning for Water (SPP-007, in corpus) per SPP 2.9 replacement list; wa.gov.au pages removed"
SPP-029,State Planning Policy 4.3 Poultry Farms,SPP,Western Australian Planning Commission,https://www.wa.gov.au/government/document-collections/planning-codes-and-state-planning-policies,,,blocked,,2026-06-10,historic policy cited by SPP 2.5; no current official source located on wa.gov.au
DC-018,Development Control Policy 2.3 Public Open Space in Residential Areas,DC,Western Australian Planning Commission,https://www.wa.gov.au/organisation/department-of-planning-lands-and-heritage/development-control-and-operational-policies,https://www.wa.gov.au/government/publications/development-control-policy-23-public-open-space-residential-areas,,blocked,,2026-06-10,wa.gov.au page removed; being replaced by Operational Policy 2.3 Planning for Public Open Space (draft on haveyoursay.dplh.wa.gov.au); historic DC 2.3 citations remain a documented gap
PB-008,Planning Bulletin 37 Model Text Provisions for Structure Plans,planning_bulletin,Western Australian Planning Commission,https://www.wa.gov.au/government/document-collections/planning-bulletins,https://www.wa.gov.au/system/files/2021-07/PB_37_Draft_Model_Text_Provisions_Structure_Plans.pdf,,extracted,,2026-06-10,
PB-009,Planning Bulletin 70 Caretakers Dwellings in Industrial Areas,planning_bulletin,Western Australian Planning Commission,https://www.wa.gov.au/government/document-collections/planning-bulletins,https://www.wa.gov.au/system/files/2021-07/PB_70_caretakers_dwellings_industrial_areas.pdf,,extracted,,2026-06-10,
PB-010,Planning Bulletin 72 Child Care Centres,planning_bulletin,Western Australian Planning Commission,https://www.wa.gov.au/government/document-collections/planning-bulletins,https://www.wa.gov.au/system/files/2021-07/PB_72_Child_Care_Centres_0.pdf,,extracted,,2026-06-10,citation-gap closure: cited by MEL-LPP-011
PB-011,Planning Bulletin 87 High Pressure Gas Transmission Pipelines in the Perth Metropolitan Region,planning_bulletin,Western Australian Planning Commission,https://www.wa.gov.au/government/document-collections/planning-bulletins,https://www.wa.gov.au/system/files/2021-07/PB_87_High_Pressure_Gas_Transmission_Pipelines.pdf,,extracted,,2026-06-10,
PB-012,Planning Bulletin 97 Street Tree and Utility Planning Amendments to Liveable Neighbourhoods,planning_bulletin,Western Australian Planning Commission,https://www.wa.gov.au/government/document-collections/planning-bulletins,https://www.wa.gov.au/system/files/2021-07/PB_97_Tree_and_Utility_Planning.pdf,,extracted,,2026-06-10,
PB-013,Planning Bulletin: Parliament House Precinct Policy,planning_bulletin,Western Australian Planning Commission,https://www.wa.gov.au/government/document-collections/planning-bulletins,https://www.wa.gov.au/system/files/2021-07/PB_Parliament_House_Precinct_Policy.pdf,,extracted,,2026-06-10,
JOO-SCH-001,City of Joondalup Local Planning Scheme No. 3 - Scheme Text,scheme,City of Joondalup,https://www.wa.gov.au/government/document-collections/city-of-joondalup-planning-information,https://www.wa.gov.au/system/files/2026-04/joondalup-3-schemetext21.pdf,Apr 2026 consolidation,extracted,,2026-06-10,citation-gap closure: cited by 10 Joondalup LPPs
